graine;annee;colonies;population;royaumes;plus_grand_royaume;alliances;guerres;treves;expeditions_en_cours;caravanes_en_cours;caravanes_finies;frappe;dotations;pertes_pieces;masse_monnaie;ecart_monnaie;pieces_en_caravane
401;1;6;75;0;0;0;1;0;0;1;17;0;2400;34;2366;0;0
401;2;6;89;0;0;0;0;1;0;3;31;0;2400;135;2265;0;0
401;3;6;106;0;0;0;0;0;0;2;45;0;2400;220;2180;0;0
401;4;6;98;0;0;0;0;0;0;3;57;0;2400;243;2157;0;218
401;5;6;106;0;0;0;0;0;0;2;74;0;2400;233;2167;0;0
401;6;6;117;0;0;0;0;0;0;3;88;0;2400;253;2147;0;0
401;7;6;128;0;0;0;0;0;0;2;103;0;2400;310;2090;0;0
401;8;6;123;0;0;0;0;0;0;4;121;0;2400;318;2082;0;463
401;9;7;126;1;2;0;0;0;0;5;138;0;2400;362;2038;0;146
401;10;7;134;1;2;0;0;0;0;3;167;0;2400;419;1981;0;22
401;11;7;144;1;2;0;0;0;0;3;183;0;2400;496;1904;0;102
401;12;7;149;1;2;0;0;0;0;4;209;0;2400;527;1873;0;0
401;13;7;155;1;2;0;0;0;0;4;233;0;2400;589;1811;0;0
401;14;7;163;1;2;0;0;0;0;5;258;0;2400;662;1738;0;106
401;15;7;169;1;2;0;0;0;0;6;286;0;2400;696;1704;0;101
401;16;7;177;1;2;0;0;0;0;7;307;0;2400;717;1683;0;112
401;17;7;193;1;2;0;0;0;0;5;334;0;2400;706;1694;0;0
401;18;7;195;1;2;0;0;0;0;3;361;0;2400;795;1605;0;0
401;19;7;184;1;2;0;0;0;0;2;380;0;2400;771;1629;0;90
401;20;7;182;1;2;0;0;0;0;3;408;0;2400;848;1552;0;0
401;21;7;184;1;2;0;0;0;0;4;440;0;2400;866;1534;0;17
401;22;7;177;1;2;0;0;0;0;5;469;0;2400;872;1528;0;10
401;23;7;176;1;2;0;0;0;0;5;497;0;2400;873;1527;0;83
401;24;7;175;1;2;0;0;0;0;5;520;0;2400;896;1504;0;40
401;25;7;170;1;2;0;0;0;0;5;550;0;2400;992;1408;0;0
401;26;7;180;1;2;0;0;0;0;5;577;0;2400;1035;1365;0;1
401;27;7;182;1;2;0;0;0;0;5;603;0;2400;1025;1375;0;0
401;28;7;182;1;2;0;0;0;0;2;624;0;2400;1020;1380;0;12
401;29;7;189;1;2;0;0;0;0;4;650;0;2400;999;1401;0;0
401;30;7;173;1;2;0;0;0;0;2;675;0;2400;996;1404;0;64
401;31;7;174;1;2;0;0;0;0;5;706;0;2400;1023;1377;0;76
401;32;7;180;1;2;0;0;0;0;4;736;0;2400;1132;1268;0;70
401;33;7;182;1;2;0;0;0;0;5;773;0;2400;1126;1274;0;67
401;34;7;186;1;2;0;0;0;0;6;799;0;2400;1078;1322;0;50
401;35;7;188;1;2;0;0;0;0;3;824;0;2400;1073;1327;0;0
401;36;7;196;1;2;0;0;0;0;6;849;0;2400;1162;1238;0;126
401;37;7;196;1;2;0;0;0;0;4;884;0;2400;1173;1227;0;24
401;38;7;198;1;2;0;0;0;0;5;917;0;2400;1161;1239;0;31
401;39;7;203;1;2;0;0;0;0;4;939;0;2400;1201;1199;0;73
401;40;7;206;1;2;0;0;0;0;4;971;0;2400;1204;1196;0;73
401;41;7;211;1;2;0;0;0;0;5;993;0;2400;1195;1205;0;0
401;42;7;213;1;2;0;0;0;0;3;1023;0;2400;1215;1185;0;88
401;43;7;215;1;2;0;0;0;0;3;1045;0;2400;1300;1100;0;68
401;44;7;207;1;2;0;0;0;0;3;1065;0;2400;1313;1087;0;0
401;45;7;211;1;2;0;0;0;0;2;1085;0;2400;1318;1082;0;0
401;46;7;208;1;2;0;0;0;0;4;1104;0;2400;1301;1099;0;0
401;47;7;198;1;2;0;0;0;0;3;1127;0;2400;1323;1077;0;30
401;48;7;182;1;2;0;0;0;0;3;1150;0;2400;1357;1043;0;0
401;49;7;183;1;2;0;1;0;0;4;1168;0;2400;1353;1047;0;171
401;50;7;172;1;2;0;0;1;0;3;1184;0;2400;1385;1015;0;154
401;51;7;176;1;2;0;0;1;0;2;1206;0;2400;1428;972;0;131
401;52;7;177;1;2;0;0;1;0;2;1226;0;2400;1408;992;0;42
401;53;7;176;2;2;0;0;0;0;2;1245;0;2400;1492;908;0;35
401;54;7;169;0;0;0;0;0;0;0;1266;0;2400;1562;838;0;0
401;55;7;175;0;0;0;0;0;0;4;1283;0;2400;1589;811;0;0
401;56;7;165;0;0;0;0;0;0;2;1299;0;2400;1606;794;0;0
401;57;7;170;0;0;0;0;1;0;1;1322;0;2400;1622;778;0;51
401;58;7;172;0;0;0;0;1;0;2;1334;0;2400;1645;755;0;0
401;59;7;171;0;0;0;0;0;0;3;1344;0;2400;1637;763;0;0
401;60;7;181;0;0;0;0;0;0;3;1363;0;2400;1739;661;0;69
401;61;7;180;0;0;0;0;0;0;2;1378;0;2400;1796;604;0;0
401;62;7;153;0;0;0;0;0;0;2;1392;0;2400;1844;556;0;48
401;63;7;156;0;0;0;0;0;0;4;1408;0;2400;1927;473;0;20
401;64;7;165;0;0;0;0;0;0;4;1427;0;2400;1979;421;0;1
401;65;7;167;0;0;0;0;0;0;3;1442;0;2400;2023;377;0;35
401;66;7;174;0;0;0;0;0;0;2;1459;0;2400;2029;371;0;0
401;67;7;175;0;0;0;0;0;0;3;1477;0;2400;2047;353;0;0
401;68;7;179;0;0;0;0;0;0;2;1491;0;2400;2079;321;0;0
401;69;7;163;0;0;0;0;0;0;4;1503;0;2400;2090;310;0;132
401;70;7;166;0;0;0;0;0;0;4;1522;0;2400;2110;290;0;0
401;71;7;175;0;0;0;0;0;0;1;1537;0;2400;2182;218;0;0
401;72;7;177;0;0;0;0;0;0;1;1553;0;2400;2201;199;0;0
401;73;7;178;0;0;0;0;0;0;2;1567;0;2400;2260;140;0;0
401;74;7;176;0;0;0;0;0;0;6;1576;0;2400;2306;94;0;0
401;75;7;186;0;0;0;0;0;0;2;1591;0;2400;2307;93;0;0
401;76;7;186;0;0;0;0;0;0;2;1601;0;2400;2302;98;0;0
401;77;7;190;0;0;0;0;0;0;3;1613;0;2400;2308;92;0;0
401;78;7;185;0;0;0;0;0;0;2;1630;0;2400;2307;93;0;0
401;79;7;184;0;0;0;0;0;0;4;1642;0;2400;2304;96;0;0
401;80;7;183;0;0;0;0;0;0;1;1651;0;2400;2289;111;0;10
401;81;7;181;0;0;0;0;0;0;2;1664;0;2400;2283;117;0;48
401;82;7;189;0;0;0;0;0;0;1;1674;0;2400;2266;134;0;0
401;83;7;164;0;0;0;0;0;0;1;1685;0;2400;2262;138;0;0
401;84;7;171;0;0;0;0;0;0;1;1695;0;2400;2244;156;0;0
401;85;7;166;0;0;0;0;0;0;1;1701;0;2400;2265;135;0;0
401;86;7;160;0;0;0;0;0;0;0;1708;0;2400;2247;153;0;0
401;87;7;160;0;0;0;0;0;0;2;1714;0;2400;2225;175;0;0
401;88;7;162;0;0;0;0;0;0;2;1724;0;2400;2219;181;0;0
401;89;7;163;0;0;0;0;0;0;3;1733;0;2400;2193;207;0;0
401;90;7;161;0;0;0;0;0;0;3;1740;0;2400;2260;140;0;0
401;91;7;154;0;0;0;0;0;0;1;1750;0;2400;2281;119;0;0
401;92;7;151;0;0;0;0;0;0;1;1759;0;2400;2293;107;0;0
401;93;7;159;0;0;0;0;0;0;1;1767;0;2400;2303;97;0;0
401;94;7;143;0;0;0;0;0;0;0;1774;0;2400;2288;112;0;0
401;95;7;150;0;0;0;0;0;0;2;1784;0;2400;2257;143;0;0
401;96;7;154;0;0;0;0;0;0;0;1794;0;2400;2273;127;0;0
401;97;7;152;0;0;0;0;0;0;0;1804;0;2400;2287;113;0;0
401;98;7;152;0;0;0;0;0;0;3;1807;0;2400;2279;121;0;0
401;99;7;150;0;0;0;0;0;0;3;1816;0;2400;2274;126;0;0
401;100;7;144;0;0;0;0;0;0;1;1832;0;2400;2266;134;0;0
402;1;6;84;0;0;0;0;0;0;0;13;0;2400;0;2400;0;0
402;2;6;100;0;0;0;0;0;0;6;24;0;2400;5;2395;0;0
402;3;6;109;0;0;0;0;0;0;4;36;0;2400;18;2382;0;80
402;4;6;130;0;0;0;0;0;0;5;50;0;2400;51;2349;0;137
402;5;6;145;0;0;0;0;0;0;6;67;0;2400;41;2359;0;38
402;6;6;142;0;0;0;0;0;0;3;84;0;2400;233;2167;0;103
402;7;6;156;0;0;0;0;0;0;6;95;0;2400;244;2156;0;21
402;8;6;159;0;0;0;0;0;0;4;112;0;2400;294;2106;0;46
402;9;6;166;0;0;0;0;0;0;4;133;0;2400;420;1980;0;89
402;10;6;173;0;0;0;0;0;0;2;149;0;2400;453;1947;0;0
402;11;6;157;0;0;0;0;0;0;3;159;0;2400;425;1975;0;1
402;12;6;164;0;0;0;0;0;0;2;179;0;2400;482;1918;0;338
402;13;6;169;0;0;0;0;0;0;3;194;0;2400;517;1883;0;92
402;14;6;178;0;0;0;0;0;0;5;211;0;2400;615;1785;0;51
402;15;6;184;0;0;1;0;0;0;2;233;0;2400;660;1740;0;27
402;16;6;190;0;0;1;0;0;0;4;254;0;2400;706;1694;0;34
402;17;6;201;0;0;1;0;0;0;5;277;0;2400;705;1695;0;8
402;18;6;211;0;0;1;0;0;0;4;298;0;2400;731;1669;0;216
402;19;6;205;0;0;1;0;0;0;4;314;0;2400;776;1624;0;0
402;20;6;196;0;0;1;0;0;0;6;330;0;2400;801;1599;0;10
402;21;6;193;0;0;1;0;0;0;3;352;0;2400;821;1579;0;0
402;22;6;189;0;0;1;0;0;0;5;367;0;2400;811;1589;0;95
402;23;6;177;0;0;1;0;0;0;5;388;0;2400;774;1626;0;0
402;24;6;160;0;0;1;0;0;0;3;406;0;2400;863;1537;0;0
402;25;6;172;0;0;1;0;0;0;6;424;0;2400;836;1564;0;223
402;26;6;169;0;0;1;0;0;0;5;445;0;2400;857;1543;0;19
402;27;6;179;0;0;1;0;0;0;3;472;0;2400;890;1510;0;35
402;28;6;189;0;0;1;0;0;0;3;489;0;2400;888;1512;0;162
402;29;6;191;0;0;1;0;0;0;5;507;0;2400;932;1468;0;83
402;30;6;196;0;0;1;0;0;0;5;525;0;2400;937;1463;0;91
402;31;6;199;0;0;1;0;0;0;2;547;0;2400;913;1487;0;28
402;32;6;206;0;0;1;0;0;0;3;566;0;2400;955;1445;0;1
402;33;6;208;0;0;1;0;0;0;5;583;0;2400;976;1424;0;47
402;34;6;205;0;0;1;0;0;0;4;604;0;2400;994;1406;0;91
402;35;6;204;0;0;1;0;0;0;4;619;0;2400;985;1415;0;19
402;36;6;210;0;0;1;0;0;0;2;640;0;2400;1000;1400;0;23
402;37;6;209;0;0;1;0;0;0;5;658;0;2400;1033;1367;0;0
402;38;6;200;0;0;1;0;0;0;3;675;0;2400;1045;1355;0;0
402;39;6;191;0;0;1;0;0;0;5;695;0;2400;1047;1353;0;231
402;40;6;193;0;0;1;0;0;0;3;712;0;2400;1063;1337;0;105
402;41;6;195;0;0;1;0;0;0;5;730;0;2400;1145;1255;0;47
402;42;6;197;0;0;1;0;0;0;5;748;0;2400;1116;1284;0;162
402;43;6;189;0;0;1;0;0;0;5;769;0;2400;1119;1281;0;47
402;44;6;191;0;0;1;0;0;0;5;789;0;2400;1120;1280;0;93
402;45;6;189;0;0;1;0;0;0;3;811;0;2400;1096;1304;0;0
402;46;6;191;0;0;1;0;0;0;3;831;0;2400;1093;1307;0;113
402;47;6;165;0;0;1;0;0;0;4;848;0;2400;1118;1282;0;59
402;48;6;173;0;0;1;0;0;0;2;866;0;2400;1079;1321;0;0
402;49;6;179;0;0;1;0;0;0;5;884;0;2400;1115;1285;0;3
402;50;6;175;0;0;1;0;0;0;1;903;0;2400;1143;1257;0;0
402;51;6;185;0;0;1;0;0;0;5;922;0;2400;1206;1194;0;27
402;52;6;183;0;0;1;0;0;0;6;948;0;2400;1234;1166;0;201
402;53;6;190;0;0;1;0;0;0;4;969;0;2400;1200;1200;0;33
402;54;6;188;0;0;1;0;0;0;5;991;0;2400;1243;1157;0;93
402;55;6;204;0;0;1;0;0;0;3;1018;0;2400;1286;1114;0;78
402;56;6;208;0;0;1;0;0;0;3;1032;0;2400;1271;1129;0;19
402;57;6;207;0;0;1;0;0;0;6;1050;0;2400;1273;1127;0;43
402;58;6;217;0;0;1;0;0;0;3;1075;0;2400;1347;1053;0;8
402;59;6;219;0;0;1;0;0;0;3;1092;0;2400;1426;974;0;36
402;60;6;219;0;0;1;0;0;0;5;1113;0;2400;1426;974;0;37
402;61;6;216;0;0;1;0;0;0;3;1127;0;2400;1425;975;0;3
402;62;6;214;0;0;1;0;0;0;5;1148;0;2400;1464;936;0;94
402;63;6;218;0;0;1;0;0;0;5;1168;0;2400;1476;924;0;238
402;64;6;226;0;0;1;0;0;0;4;1192;0;2400;1525;875;0;119
402;65;6;228;0;0;1;0;0;0;5;1211;0;2400;1548;852;0;119
402;66;6;242;0;0;1;0;0;0;3;1230;0;2400;1618;782;0;47
402;67;6;244;0;0;1;0;0;0;5;1248;0;2400;1667;733;0;87
402;68;6;245;0;0;1;0;0;0;4;1269;0;2400;1697;703;0;52
402;69;6;259;0;0;1;0;0;0;5;1293;0;2400;1730;670;0;109
402;70;6;259;0;0;1;0;0;0;4;1317;0;2400;1821;579;0;172
402;71;6;247;0;0;1;0;0;0;3;1335;0;2400;1851;549;0;39
402;72;6;245;0;0;1;0;0;0;2;1353;0;2400;1890;510;0;7
402;73;6;242;0;0;1;0;0;0;2;1369;0;2400;1950;450;0;0
402;74;6;235;0;0;1;0;0;0;3;1388;0;2400;2002;398;0;48
402;75;6;235;0;0;1;0;0;0;3;1404;0;2400;2073;327;0;12
402;76;6;240;0;0;1;0;0;0;6;1418;0;2400;2085;315;0;21
402;77;6;243;0;0;1;0;0;0;6;1431;0;2400;2069;331;0;4
402;78;6;252;0;0;1;0;0;0;3;1448;0;2400;2043;357;0;1
402;79;6;261;0;0;1;0;0;0;3;1462;0;2400;2083;317;0;1
402;80;6;250;0;0;1;0;0;0;3;1476;0;2400;2074;326;0;53
402;81;6;259;0;0;1;0;0;0;5;1491;0;2400;2098;302;0;0
402;82;6;234;0;0;1;0;0;0;3;1502;0;2400;2108;292;0;0
402;83;6;227;0;0;1;0;0;0;4;1518;0;2400;2115;285;0;7
402;84;6;223;0;0;1;0;0;0;5;1533;0;2400;2088;312;0;0
402;85;6;216;0;0;1;0;0;0;3;1547;0;2400;2194;206;0;0
402;86;6;171;0;0;1;0;0;0;3;1562;0;2400;2197;203;0;2
402;87;6;166;0;0;1;0;0;0;3;1569;0;2400;2199;201;0;0
402;88;6;165;0;0;1;0;0;0;3;1575;0;2400;2214;186;0;0
402;89;6;179;0;0;1;0;0;0;5;1591;0;2400;2180;220;0;130
402;90;6;179;0;0;1;0;0;0;3;1604;0;2400;2139;261;0;1
402;91;6;173;0;0;1;0;0;0;4;1617;0;2400;2123;277;0;0
402;92;6;181;0;0;1;0;0;0;3;1632;0;2400;2103;297;0;40
402;93;6;182;0;0;1;0;0;0;4;1646;0;2400;2110;290;0;20
402;94;6;181;0;0;1;0;0;0;4;1660;0;2400;2100;300;0;45
402;95;6;183;0;0;1;0;0;0;2;1676;0;2400;2070;330;0;25
402;96;6;194;0;0;1;0;0;0;6;1690;0;2400;2102;298;0;168
402;97;6;184;0;0;1;0;0;0;4;1708;0;2400;2165;235;0;0
402;98;6;176;0;0;1;0;0;0;4;1723;0;2400;2157;243;0;24
402;99;6;184;0;0;1;0;0;0;5;1740;0;2400;2181;219;0;0
402;100;6;183;0;0;1;0;0;0;5;1759;0;2400;2232;168;0;18
403;1;6;81;0;0;0;0;0;0;2;19;0;2400;26;2374;0;0
403;2;6;91;0;0;0;0;0;0;2;28;0;2400;74;2326;0;0
403;3;6;86;0;0;0;0;0;0;3;39;0;2400;74;2326;0;36
403;4;6;102;0;0;0;0;0;0;3;47;0;2400;94;2306;0;168
403;5;6;114;0;0;0;0;0;0;3;59;0;2400;417;1983;0;113
403;6;6;122;0;0;0;0;0;0;4;65;0;2400;417;1983;0;173
403;7;6;129;0;0;0;0;0;0;4;76;0;2400;701;1699;0;190
403;8;6;134;0;0;0;0;0;0;3;89;0;2400;746;1654;0;0
403;9;6;140;0;0;0;0;0;0;2;98;0;2400;722;1678;0;81
403;10;6;134;0;0;0;0;0;0;2;111;0;2400;666;1734;0;0
403;11;6;140;0;0;0;0;0;0;5;120;0;2400;809;1591;0;195
403;12;6;144;0;0;0;0;0;0;5;143;0;2400;864;1536;0;218
403;13;6;147;0;0;0;0;0;0;3;158;30;2400;879;1551;0;174
403;14;6;158;0;0;0;0;0;0;5;175;130;2400;916;1614;0;215
403;15;6;173;0;0;0;0;0;0;2;191;135;2400;955;1580;0;0
403;16;6;176;0;0;0;0;0;0;4;205;140;2400;994;1546;0;227
403;17;6;173;0;0;0;0;0;0;4;223;145;2400;1013;1532;0;71
403;18;6;178;0;0;0;0;0;0;3;237;160;2400;1016;1544;0;10
403;19;6;184;0;0;0;0;0;0;4;250;165;2400;972;1593;0;204
403;20;6;190;0;0;0;0;0;0;2;268;165;2400;1029;1536;0;0
403;21;6;184;0;0;0;0;0;0;3;275;170;2400;1048;1522;0;27
403;22;6;175;0;0;0;0;0;0;3;289;230;2400;1094;1536;0;270
403;23;6;176;0;0;0;0;0;0;3;307;230;2400;1208;1422;0;0
403;24;6;172;0;0;0;0;0;0;5;324;230;2400;1249;1381;0;66
403;25;6;179;0;0;0;0;0;0;4;340;285;2400;1235;1450;0;41
403;26;6;186;0;0;0;0;0;0;4;354;285;2400;1259;1426;0;44
403;27;6;188;0;0;0;0;0;0;3;368;285;2400;1316;1369;0;69
403;28;6;191;0;0;0;0;0;0;4;384;285;2400;1327;1358;0;224
403;29;6;198;0;0;0;0;0;0;1;401;295;2400;1320;1375;0;38
403;30;6;204;0;0;0;0;0;0;3;415;305;2400;1386;1319;0;129
403;31;6;214;0;0;0;0;0;0;5;429;305;2400;1434;1271;0;47
403;32;6;227;0;0;0;0;0;0;5;443;305;2400;1454;1251;0;72
403;33;6;233;0;0;0;0;0;0;5;461;305;2400;1490;1215;0;152
403;34;6;243;0;0;0;0;0;0;3;474;305;2400;1497;1208;0;74
403;35;6;239;0;0;0;0;0;0;2;486;305;2400;1564;1141;0;49
403;36;6;248;0;0;0;0;0;0;4;502;305;2400;1529;1176;0;0
403;37;6;241;0;0;0;0;0;0;3;510;305;2400;1507;1198;0;0
403;38;6;250;0;0;0;0;0;0;5;523;305;2400;1563;1142;0;243
403;39;6;249;0;0;0;0;0;0;4;536;305;2400;1637;1068;0;50
403;40;6;244;0;0;0;0;0;0;3;550;305;2400;1663;1042;0;110
403;41;6;246;0;0;0;0;0;0;4;562;305;2400;1708;997;0;42
403;42;6;240;0;0;0;0;0;0;3;572;305;2400;1736;969;0;78
403;43;6;209;0;0;0;0;0;0;3;583;305;2400;1696;1009;0;110
403;44;6;210;0;0;0;0;0;0;3;592;305;2400;1706;999;0;63
403;45;6;202;0;0;0;0;0;0;2;599;305;2400;1700;1005;0;83
403;46;6;194;0;0;0;0;0;0;2;607;305;2400;1712;993;0;82
403;47;6;189;0;0;0;0;0;0;2;614;305;2400;1747;958;0;165
403;48;6;186;0;0;0;0;0;0;4;620;305;2400;1719;986;0;164
403;49;6;180;0;0;0;0;0;0;1;629;305;2400;1751;954;0;0
403;50;6;179;0;0;0;0;0;0;3;637;305;2400;1764;941;0;124
403;51;6;181;0;0;0;0;0;0;0;648;305;2400;1754;951;0;0
403;52;6;179;0;0;0;0;0;0;2;650;305;2400;1780;925;0;0
403;53;6;185;0;0;0;0;0;0;1;657;305;2400;1748;957;0;0
403;54;6;186;0;0;0;0;0;0;3;664;305;2400;1771;934;0;86
403;55;6;183;0;0;0;0;0;0;1;672;305;2400;1736;969;0;36
403;56;6;183;0;0;0;0;0;0;1;678;305;2400;1762;943;0;0
403;57;6;191;0;0;0;0;0;0;4;682;305;2400;1755;950;0;94
403;58;6;183;0;0;0;0;0;0;1;691;305;2400;1756;949;0;21
403;59;6;183;0;0;0;0;0;0;1;699;305;2400;1761;944;0;49
403;60;6;186;0;0;0;0;0;0;3;706;305;2400;1752;953;0;0
403;61;6;181;0;0;0;0;0;0;2;714;305;2400;1771;934;0;0
403;62;6;183;0;0;0;0;0;0;2;724;305;2400;1816;889;0;0
403;63;6;195;0;0;0;0;0;0;0;737;305;2400;1823;882;0;0
403;64;6;199;0;0;0;0;0;0;3;749;305;2400;1834;871;0;54
403;65;6;205;0;0;0;0;0;0;1;757;305;2400;1807;898;0;0
403;66;6;209;0;0;0;0;0;0;2;767;305;2400;1821;884;0;40
403;67;6;207;0;0;0;0;0;0;1;773;305;2400;1811;894;0;32
403;68;6;206;0;0;0;0;0;0;2;782;305;2400;1859;846;0;0
403;69;6;209;0;0;0;0;0;0;3;786;305;2400;1830;875;0;86
403;70;6;204;0;0;0;0;0;0;2;800;305;2400;1830;875;0;71
403;71;6;201;0;0;0;0;0;0;2;807;305;2400;1838;867;0;27
403;72;6;199;0;0;0;0;0;0;0;812;305;2400;1829;876;0;0
403;73;6;197;0;0;0;0;0;0;1;819;305;2400;1848;857;0;0
403;74;6;192;0;0;0;0;0;0;0;822;305;2400;1836;869;0;0
403;75;6;195;0;0;0;0;0;0;2;829;305;2400;1830;875;0;71
403;76;6;194;0;0;0;0;0;0;2;837;305;2400;1824;881;0;39
403;77;6;192;0;0;0;0;0;0;4;847;305;2400;1809;896;0;77
403;78;6;194;0;0;0;0;0;0;2;859;305;2400;1793;912;0;0
403;79;6;196;0;0;0;0;0;0;2;871;305;2400;1789;916;0;0
403;80;6;200;0;0;0;0;0;0;1;882;305;2400;1789;916;0;0
403;81;6;198;0;0;0;0;0;0;2;892;305;2400;1769;936;0;36
403;82;6;207;0;0;0;0;0;0;2;904;305;2400;1727;978;0;45
403;83;6;203;0;0;0;0;0;0;4;920;305;2400;1733;972;0;146
403;84;6;199;0;0;0;0;0;0;2;932;305;2400;1746;959;0;0
403;85;6;207;0;0;0;0;0;0;2;939;305;2400;1774;931;0;23
403;86;6;209;0;0;0;0;0;0;3;947;305;2400;1809;896;0;0
403;87;6;210;0;0;0;0;0;0;3;952;305;2400;1846;859;0;19
403;88;6;210;0;0;0;0;0;0;2;961;305;2400;1861;844;0;76
403;89;6;207;0;0;0;0;0;0;2;968;305;2400;1842;863;0;0
403;90;6;198;0;0;0;0;0;0;2;979;305;2400;1843;862;0;0
403;91;6;196;0;0;0;0;0;0;3;987;305;2400;1838;867;0;61
403;92;6;199;0;0;0;0;0;0;1;996;305;2400;1801;904;0;0
403;93;6;198;0;0;0;0;0;0;1;1003;305;2400;1809;896;0;0
403;94;6;200;0;0;0;0;0;0;2;1010;305;2400;1814;891;0;0
403;95;6;204;0;0;0;0;0;0;2;1019;305;2400;1821;884;0;37
403;96;6;207;0;0;0;0;0;0;1;1026;305;2400;1827;878;0;0
403;97;6;203;0;0;0;0;0;0;2;1033;305;2400;1878;827;0;26
403;98;6;213;0;0;0;0;0;0;1;1039;305;2400;1914;791;0;0
403;99;6;209;0;0;0;0;0;0;2;1045;305;2400;1923;782;0;0
403;100;6;202;0;0;0;0;0;0;1;1049;305;2400;1933;772;0;0
404;1;6;78;0;0;0;0;0;0;0;13;0;2400;52;2348;0;0
404;2;6;99;0;0;0;0;0;0;4;24;0;2400;48;2352;0;0
404;3;6;109;0;0;0;0;0;0;4;38;0;2400;116;2284;0;0
404;4;6;123;0;0;0;0;0;0;5;52;0;2400;137;2263;0;159
404;5;6;133;0;0;0;0;0;0;6;67;0;2400;176;2224;0;516
404;6;6;142;0;0;0;0;0;0;6;88;0;2400;242;2158;0;65
404;7;6;148;0;0;1;0;0;0;3;106;0;2400;301;2099;0;220
404;8;6;151;0;0;1;0;0;0;4;124;0;2400;468;1932;0;99
404;9;6;160;0;0;1;0;0;0;4;141;0;2400;501;1899;0;140
404;10;6;168;0;0;1;0;0;0;4;160;0;2400;473;1927;0;183
404;11;6;155;0;0;1;0;0;0;4;178;35;2400;497;1938;0;226
404;12;6;156;0;0;0;0;0;0;2;195;110;2400;564;1946;0;1
404;13;6;166;0;0;0;0;0;0;4;208;125;2400;604;1921;0;180
404;14;6;175;0;0;0;0;0;0;3;223;155;2400;620;1935;0;0
404;15;6;184;0;0;0;0;0;0;4;234;175;2400;592;1983;0;60
404;16;6;188;0;0;0;0;0;0;5;256;175;2400;600;1975;0;4
404;17;6;189;0;0;0;0;0;0;2;273;200;2400;513;2087;0;18
404;18;6;189;0;0;0;0;0;0;4;286;210;2400;511;2099;0;101
404;19;6;188;0;0;0;0;0;0;4;302;230;2400;555;2075;0;37
404;20;6;188;0;0;0;0;0;0;4;315;250;2400;553;2097;0;46
404;21;6;194;0;0;0;0;0;0;4;326;250;2400;592;2058;0;225
404;22;6;195;0;0;0;0;0;0;5;342;250;2400;633;2017;0;275
404;23;6;194;0;0;0;0;0;0;3;358;250;2400;666;1984;0;88
404;24;6;204;0;0;0;0;0;0;4;374;250;2400;682;1968;0;24
404;25;6;201;0;0;0;0;0;0;5;392;250;2400;745;1905;0;191
404;26;6;209;0;0;0;0;0;0;5;410;250;2400;780;1870;0;146
404;27;6;213;0;0;0;0;0;0;3;427;250;2400;893;1757;0;321
404;28;6;217;0;0;0;0;0;0;5;440;255;2400;1026;1629;0;9
404;29;6;217;0;0;0;0;0;0;2;454;255;2400;1035;1620;0;207
404;30;6;221;0;0;0;0;0;0;3;470;255;2400;1063;1592;0;0
404;31;6;215;0;0;0;0;0;0;3;481;255;2400;1073;1582;0;79
404;32;6;216;0;0;0;0;0;0;3;493;255;2400;1145;1510;0;35
404;33;6;203;0;0;0;0;0;0;3;501;255;2400;1204;1451;0;27
404;34;6;207;0;0;0;0;0;0;2;513;255;2400;1208;1447;0;0
404;35;6;204;0;0;0;0;0;0;4;525;255;2400;1306;1349;0;113
404;36;6;209;0;0;0;0;0;0;4;536;255;2400;1294;1361;0;25
404;37;6;217;0;0;0;0;0;0;4;545;255;2400;1300;1355;0;111
404;38;6;216;0;0;0;0;0;0;2;557;260;2400;1334;1326;0;0
404;39;6;214;0;0;0;0;0;0;2;569;260;2400;1314;1346;0;31
404;40;6;210;0;0;0;0;0;0;3;578;260;2400;1323;1337;0;0
404;41;6;206;0;0;0;0;0;0;4;589;260;2400;1355;1305;0;73
404;42;6;206;0;0;0;0;0;0;4;600;260;2400;1410;1250;0;0
404;43;6;201;0;0;0;0;0;0;1;609;260;2400;1428;1232;0;12
404;44;6;186;0;0;0;0;0;0;4;621;260;2400;1436;1224;0;0
404;45;6;190;0;0;0;0;0;0;3;634;260;2400;1488;1172;0;0
404;46;6;192;0;0;0;0;0;0;5;643;260;2400;1510;1150;0;59
404;47;6;191;0;0;0;0;0;0;4;653;260;2400;1550;1110;0;84
404;48;6;192;0;0;0;0;0;0;3;666;260;2400;1590;1070;0;0
404;49;6;191;0;0;0;0;0;0;3;675;260;2400;1633;1027;0;56
404;50;6;192;0;0;0;0;0;0;2;686;260;2400;1719;941;0;0
404;51;6;193;0;0;0;0;0;0;3;695;260;2400;1742;918;0;19
404;52;6;190;0;0;0;0;0;0;0;705;260;2400;1743;917;0;0
404;53;6;191;0;0;0;0;0;0;2;715;260;2400;1710;950;0;0
404;54;6;198;0;0;0;0;0;0;4;725;260;2400;1692;968;0;0
404;55;6;197;0;0;0;0;0;0;3;734;260;2400;1688;972;0;0
404;56;6;193;0;0;0;0;0;0;3;747;260;2400;1688;972;0;118
404;57;6;196;0;0;0;0;0;0;0;760;260;2400;1673;987;0;0
404;58;6;198;0;0;0;0;0;0;4;768;260;2400;1705;955;0;56
404;59;6;198;0;0;0;0;0;0;2;781;260;2400;1690;970;0;2
404;60;6;200;0;0;0;0;0;0;5;789;260;2400;1693;967;0;8
404;61;6;200;0;0;0;0;0;0;2;798;260;2400;1701;959;0;0
404;62;6;201;0;0;0;0;0;0;1;806;260;2400;1713;947;0;0
404;63;6;198;0;0;0;0;0;0;4;815;260;2400;1700;960;0;64
404;64;6;193;0;0;0;0;0;0;3;828;260;2400;1682;978;0;0
404;65;6;191;0;0;0;0;0;0;3;839;260;2400;1653;1007;0;0
404;66;6;182;0;0;0;0;0;0;3;847;260;2400;1713;947;0;0
404;67;6;181;0;0;0;0;0;0;2;859;260;2400;1780;880;0;0
404;68;6;181;0;0;0;0;0;0;3;865;260;2400;1780;880;0;0
404;69;6;186;0;0;0;0;0;0;1;874;260;2400;1793;867;0;0
404;70;6;185;0;0;0;0;0;0;4;882;260;2400;1784;876;0;0
404;71;6;188;0;0;0;0;0;0;5;887;260;2400;1798;862;0;0
404;72;6;186;0;0;0;0;0;0;2;897;260;2400;1790;870;0;0
404;73;6;194;0;0;0;0;0;0;2;905;260;2400;1772;888;0;0
404;74;6;200;0;0;0;0;0;0;1;912;260;2400;1769;891;0;0
404;75;6;162;0;0;0;0;0;0;2;922;260;2400;1750;910;0;0
404;76;6;152;0;0;0;0;0;0;1;930;260;2400;1722;938;0;0
404;77;6;153;0;0;0;0;0;0;2;934;260;2400;1711;949;0;0
404;78;6;148;0;0;0;0;0;0;2;941;260;2400;1718;942;0;0
404;79;6;155;0;0;0;0;0;0;3;948;260;2400;1696;964;0;0
404;80;6;157;0;0;0;0;0;0;3;955;260;2400;1721;939;0;0
404;81;6;155;0;0;0;0;0;0;2;962;260;2400;1724;936;0;0
404;82;6;159;0;0;0;0;0;0;2;966;260;2400;1721;939;0;0
404;83;6;153;0;0;0;0;0;0;2;973;260;2400;1716;944;0;0
404;84;6;155;0;0;0;0;0;0;2;979;260;2400;1690;970;0;0
404;85;6;155;0;0;0;0;0;0;2;985;260;2400;1726;934;0;0
404;86;6;148;0;0;0;0;0;0;2;990;260;2400;1706;954;0;0
404;87;6;149;0;0;0;0;0;0;3;996;260;2400;1673;987;0;0
404;88;6;152;0;0;0;0;0;0;1;1002;260;2400;1692;968;0;0
404;89;6;150;0;0;0;0;0;0;4;1007;260;2400;1723;937;0;41
404;90;6;158;0;0;0;0;0;0;0;1014;260;2400;1732;928;0;0
404;91;6;157;0;0;0;0;0;0;0;1022;260;2400;1760;900;0;0
404;92;6;159;0;0;0;0;0;0;1;1025;260;2400;1755;905;0;0
404;93;6;156;0;0;0;0;0;0;1;1030;260;2400;1750;910;0;0
404;94;6;164;0;0;0;0;0;0;3;1035;260;2400;1734;926;0;0
404;95;6;160;0;0;0;0;0;0;2;1039;260;2400;1719;941;0;0
404;96;6;157;0;0;0;0;0;0;1;1047;260;2400;1747;913;0;0
404;97;6;161;0;0;0;0;0;0;3;1052;260;2400;1771;889;0;0
404;98;6;157;0;0;0;0;0;0;1;1061;260;2400;1754;906;0;0
404;99;6;158;0;0;0;0;0;0;2;1067;260;2400;1769;891;0;0
404;100;6;156;0;0;0;0;0;0;2;1073;260;2400;1732;928;0;0
405;1;6;80;0;0;0;0;0;0;0;15;0;2400;49;2351;0;0
405;2;6;92;0;0;0;0;0;0;6;22;0;2400;73;2327;0;42
405;3;6;100;0;0;0;0;0;0;4;37;0;2400;62;2338;0;349
405;4;6;97;0;0;0;0;0;0;4;48;0;2400;122;2278;0;76
405;5;6;109;0;0;0;0;0;0;5;58;0;2400;127;2273;0;131
405;6;6;123;0;0;0;0;0;0;5;69;0;2400;126;2274;0;129
405;7;6;132;0;0;1;0;0;0;2;81;0;2400;144;2256;0;0
405;8;6;143;0;0;1;0;0;0;5;90;0;2400;172;2228;0;24
405;9;6;160;0;0;1;0;0;0;4;101;0;2400;198;2202;0;0
405;10;6;179;0;0;1;0;0;0;5;110;0;2400;203;2197;0;132
405;11;6;190;0;0;1;0;0;0;4;121;15;2400;199;2216;0;77
405;12;6;206;0;0;1;0;0;0;3;133;15;2400;284;2131;0;226
405;13;6;206;0;0;1;0;0;0;3;144;70;2400;302;2168;0;53
405;14;6;211;0;0;1;0;0;0;4;160;135;2400;299;2236;0;0
405;15;6;217;0;0;1;0;0;0;4;172;195;2400;260;2335;0;28
405;16;6;229;0;0;1;0;0;0;5;181;265;2400;414;2251;0;72
405;17;6;236;0;0;1;0;0;0;3;195;275;2400;439;2236;0;95
405;18;6;245;0;0;1;0;0;0;5;205;275;2400;501;2174;0;0
405;19;6;254;0;0;1;0;0;0;4;219;275;2400;569;2106;0;1
405;20;6;253;0;0;1;0;0;0;3;236;275;2400;690;1985;0;91
405;21;6;259;0;0;1;0;0;0;3;249;285;2400;678;2007;0;0
405;22;6;263;0;0;1;0;0;0;4;267;310;2400;687;2023;0;131
405;23;6;269;0;0;1;0;0;0;5;282;325;2400;652;2073;0;114
405;24;6;266;0;0;1;0;0;0;5;301;330;2400;716;2014;0;31
405;25;6;264;0;0;1;0;0;0;3;316;365;2400;737;2028;0;133
405;26;6;280;0;0;1;0;0;0;5;324;415;2400;780;2035;0;0
405;27;6;285;0;0;1;0;0;0;3;337;465;2400;796;2069;0;0
405;28;6;298;0;0;1;0;0;0;4;348;465;2400;789;2076;0;120
405;29;6;313;0;0;1;0;0;0;5;362;465;2400;774;2091;0;351
405;30;6;317;0;0;1;0;0;0;3;376;465;2400;818;2047;0;0
405;31;6;328;0;0;1;0;0;0;4;392;465;2400;841;2024;0;23
405;32;6;335;0;0;1;0;0;0;3;402;465;2400;863;2002;0;105
405;33;6;335;0;0;1;0;0;0;5;417;465;2400;903;1962;0;224
405;34;6;335;0;0;1;0;0;0;5;434;465;2400;894;1971;0;51
405;35;6;339;0;0;1;0;0;0;4;446;465;2400;1001;1864;0;228
405;36;6;331;0;0;1;0;0;0;4;460;465;2400;1123;1742;0;42
405;37;6;328;0;0;1;0;0;0;5;476;465;2400;1141;1724;0;77
405;38;6;329;0;0;1;0;0;0;4;493;470;2400;1155;1715;0;106
405;39;6;322;0;0;1;0;0;0;5;506;470;2400;1150;1720;0;75
405;40;6;324;0;0;1;0;0;0;4;523;470;2400;1160;1710;0;103
405;41;6;328;0;0;1;0;0;0;4;536;470;2400;1175;1695;0;249
405;42;6;342;0;0;1;0;0;0;3;555;470;2400;1191;1679;0;138
405;43;6;340;0;0;1;0;0;0;2;565;470;2400;1256;1614;0;55
405;44;6;352;0;0;1;0;0;0;4;579;470;2400;1312;1558;0;16
405;45;6;344;0;0;1;0;0;0;5;597;470;2400;1322;1548;0;246
405;46;6;342;0;0;1;0;0;0;4;610;470;2400;1305;1565;0;242
405;47;6;334;0;0;1;0;0;0;4;624;470;2400;1295;1575;0;247
405;48;6;330;0;0;1;0;0;0;4;635;470;2400;1370;1500;0;167
405;49;6;329;0;0;1;0;0;0;5;650;470;2400;1405;1465;0;52
405;50;6;329;0;0;1;0;0;0;5;668;470;2400;1391;1479;0;159
405;51;6;338;0;0;1;0;0;0;5;682;470;2400;1395;1475;0;0
405;52;6;338;0;0;1;0;0;0;5;695;470;2400;1434;1436;0;38
405;53;6;337;0;0;1;0;0;0;5;706;470;2400;1495;1375;0;0
405;54;6;345;0;0;1;0;0;0;4;719;470;2400;1564;1306;0;50
405;55;6;346;0;0;1;0;0;0;4;729;470;2400;1583;1287;0;90
405;56;6;346;0;0;1;0;0;0;5;742;470;2400;1607;1263;0;106
405;57;6;350;0;0;1;0;0;0;4;754;470;2400;1582;1288;0;0
405;58;6;351;0;0;1;0;0;0;3;764;470;2400;1605;1265;0;83
405;59;6;356;0;0;1;0;0;0;4;776;470;2400;1646;1224;0;0
405;60;6;362;0;0;1;0;0;0;4;787;470;2400;1661;1209;0;0
405;61;6;359;0;0;1;0;0;0;2;795;470;2400;1691;1179;0;47
405;62;6;357;0;0;1;0;0;0;3;810;470;2400;1736;1134;0;31
405;63;6;352;0;0;1;0;0;0;4;820;470;2400;1745;1125;0;0
405;64;6;349;0;0;1;0;0;0;3;833;470;2400;1802;1068;0;89
405;65;6;351;0;0;1;0;0;0;4;844;470;2400;1823;1047;0;58
405;66;6;354;0;0;1;0;0;0;3;859;470;2400;1819;1051;0;72
405;67;6;351;0;0;1;0;0;0;3;873;470;2400;1803;1067;0;0
405;68;6;354;0;0;1;0;0;0;2;885;470;2400;1787;1083;0;96
405;69;6;360;0;0;1;0;0;0;5;899;470;2400;1761;1109;0;96
405;70;6;363;0;0;1;0;0;0;5;920;470;2400;1781;1089;0;0
405;71;6;358;0;0;1;0;0;0;5;932;470;2400;1800;1070;0;78
405;72;6;360;0;0;1;0;0;0;3;953;470;2400;1826;1044;0;1
405;73;6;366;0;0;1;0;0;0;5;966;470;2400;1802;1068;0;26
405;74;6;366;0;0;1;0;0;0;2;980;470;2400;1825;1045;0;33
405;75;6;370;0;0;1;0;0;0;2;994;470;2400;1878;992;0;0
405;76;6;369;0;0;1;0;0;0;2;1005;470;2400;1880;990;0;0
405;77;6;374;0;0;1;0;0;0;2;1018;470;2400;1868;1002;0;59
405;78;6;373;0;0;1;0;0;0;3;1028;470;2400;1853;1017;0;0
405;79;6;383;0;0;1;0;0;0;3;1042;470;2400;1850;1020;0;21
405;80;6;372;0;0;1;0;0;0;1;1057;470;2400;1854;1016;0;0
405;81;6;371;0;0;1;0;0;0;1;1067;470;2400;1911;959;0;0
405;82;6;372;0;0;1;0;0;0;1;1074;470;2400;1969;901;0;0
405;83;6;373;0;0;1;0;0;0;4;1082;470;2400;1959;911;0;0
405;84;6;381;0;0;1;0;0;0;3;1092;470;2400;1948;922;0;0
405;85;6;377;0;0;1;0;0;0;0;1103;470;2400;1947;923;0;0
405;86;6;300;0;0;1;0;0;0;2;1112;470;2400;1941;929;0;14
405;87;6;299;0;0;1;0;0;0;1;1124;470;2400;1941;929;0;63
405;88;6;302;0;0;1;0;0;0;3;1135;470;2400;1942;928;0;30
405;89;6;306;0;0;1;0;0;0;4;1146;470;2400;2015;855;0;0
405;90;6;297;0;0;1;0;0;0;0;1158;470;2400;2006;864;0;0
405;91;6;303;0;0;1;0;0;0;1;1170;470;2400;2020;850;0;0
405;92;6;300;0;0;1;0;0;0;3;1182;470;2400;2000;870;0;0
405;93;6;307;0;0;1;0;0;0;2;1189;470;2400;1997;873;0;0
405;94;6;302;0;0;1;0;0;0;3;1198;470;2400;1975;895;0;0
405;95;6;310;0;0;1;0;0;0;4;1208;470;2400;1932;938;0;0
405;96;6;314;0;0;1;0;0;0;2;1220;470;2400;1961;909;0;0
405;97;6;311;0;0;1;0;0;0;3;1232;470;2400;1951;919;0;0
405;98;6;315;0;0;1;0;0;0;4;1244;470;2400;1909;961;0;22
405;99;6;324;0;0;1;0;0;0;2;1252;470;2400;1954;916;0;0
405;100;6;328;0;0;1;0;0;0;1;1263;470;2400;1943;927;0;40
406;1;6;82;0;0;0;0;0;0;0;19;0;2400;30;2370;0;0
406;2;6;94;0;0;0;0;1;0;3;30;0;2400;78;2322;0;0
406;3;6;90;0;0;0;0;0;0;3;47;0;2400;108;2292;0;0
406;4;6;101;0;0;0;0;0;0;3;60;0;2400;128;2272;0;0
406;5;6;112;0;0;0;0;0;0;3;75;0;2400;128;2272;0;0
406;6;6;125;0;0;0;0;0;0;2;89;0;2400;110;2290;0;0
406;7;6;131;0;0;0;0;0;0;4;100;0;2400;108;2292;0;0
406;8;6;135;0;0;0;0;0;0;1;113;0;2400;148;2252;0;0
406;9;6;138;0;0;0;0;0;0;5;125;0;2400;170;2230;0;202
406;10;6;141;0;0;0;0;0;0;2;145;0;2400;178;2222;0;102
406;11;6;135;0;0;0;0;0;0;2;156;0;2400;174;2226;0;57
406;12;6;122;0;0;0;0;0;0;2;162;0;2400;196;2204;0;50
406;13;6;124;0;0;0;0;0;0;3;172;0;2400;199;2201;0;192
406;14;6;130;0;0;0;0;0;0;3;183;20;2400;229;2191;0;2
406;15;6;138;0;0;0;0;0;0;3;206;40;2400;316;2124;0;42
406;16;6;136;0;0;0;0;0;0;2;220;40;2400;328;2112;0;0
406;17;6;138;0;0;0;0;0;0;1;233;45;2400;305;2140;0;0
406;18;6;139;0;0;0;0;0;0;4;247;80;2400;308;2172;0;44
406;19;6;143;0;0;0;0;0;0;5;268;110;2400;305;2205;0;0
406;20;6;144;0;0;0;0;0;0;2;283;110;2400;341;2169;0;60
406;21;6;149;0;0;0;0;0;0;2;295;120;2400;420;2100;0;142
406;22;6;144;0;0;0;0;0;0;1;313;160;2400;445;2115;0;0
406;23;6;143;0;0;0;0;0;0;4;329;170;2400;484;2086;0;395
406;24;6;145;0;0;0;0;0;0;4;350;170;2400;573;1997;0;85
406;25;6;147;0;0;0;0;0;0;3;372;185;2400;601;1984;0;27
406;26;6;150;0;0;0;0;0;0;0;384;210;2400;579;2031;0;0
406;27;6;151;0;0;0;0;0;0;2;402;260;2400;593;2067;0;45
406;28;6;161;0;0;0;0;0;0;3;423;260;2400;632;2028;0;66
406;29;6;161;0;0;0;0;0;0;2;443;265;2400;641;2024;0;33
406;30;6;170;0;0;0;0;0;0;4;459;265;2400;657;2008;0;17
406;31;6;180;0;0;0;0;0;0;3;476;265;2400;669;1996;0;62
406;32;6;192;0;0;0;0;0;0;4;494;265;2400;662;2003;0;10
406;33;6;190;0;0;0;0;0;0;3;505;265;2400;744;1921;0;0
406;34;6;195;0;0;0;0;0;0;3;519;265;2400;785;1880;0;0
406;35;6;179;0;0;0;0;0;0;3;534;265;2400;755;1910;0;0
406;36;6;176;0;0;0;0;0;0;3;547;265;2400;747;1918;0;0
406;37;6;188;0;0;0;0;0;0;3;555;265;2400;834;1831;0;0
406;38;6;181;0;0;0;0;0;0;4;568;265;2400;796;1869;0;0
406;39;6;184;0;0;0;0;0;0;3;580;265;2400;838;1827;0;45
406;40;6;182;0;0;0;0;0;0;5;589;265;2400;829;1836;0;0
406;41;6;185;0;0;0;0;0;0;4;602;265;2400;844;1821;0;0
406;42;6;183;0;0;0;0;0;0;4;611;265;2400;835;1830;0;0
406;43;6;184;0;0;0;0;0;0;4;625;265;2400;867;1798;0;89
406;44;6;180;0;0;0;0;0;0;3;636;265;2400;858;1807;0;481
406;45;6;165;0;0;0;0;0;0;4;649;265;2400;922;1743;0;67
406;46;6;162;0;0;0;0;0;0;4;668;265;2400;906;1759;0;30
406;47;6;166;0;0;0;0;0;0;3;678;265;2400;986;1679;0;48
406;48;6;155;0;0;0;0;0;0;2;694;280;2400;1001;1679;0;37
406;49;6;156;0;0;0;0;0;0;3;706;295;2400;1000;1695;0;29
406;50;6;160;0;0;0;0;0;0;3;720;300;2400;1029;1671;0;1
406;51;6;170;0;0;0;0;0;0;4;735;300;2400;1005;1695;0;86
406;52;6;165;0;0;0;0;0;0;5;755;300;2400;1002;1698;0;0
406;53;6;167;0;0;0;0;0;0;4;770;300;2400;1029;1671;0;0
406;54;6;169;0;0;0;0;0;0;3;785;300;2400;997;1703;0;0
406;55;6;174;0;0;0;0;0;0;0;800;300;2400;996;1704;0;0
406;56;6;172;0;0;0;0;0;0;3;813;300;2400;1039;1661;0;0
406;57;6;176;0;0;0;0;0;0;2;822;300;2400;1085;1615;0;0
406;58;6;175;0;0;0;0;0;0;2;833;300;2400;1132;1568;0;0
406;59;6;158;0;0;0;0;0;0;2;840;300;2400;1178;1522;0;0
406;60;6;157;0;0;0;0;0;0;2;852;300;2400;1231;1469;0;0
406;61;6;160;0;0;0;0;0;0;4;862;300;2400;1249;1451;0;18
406;62;6;157;0;0;0;0;0;0;3;874;300;2400;1252;1448;0;0
406;63;6;163;0;0;0;0;0;0;2;884;300;2400;1254;1446;0;0
406;64;6;157;0;0;0;0;0;0;2;895;300;2400;1227;1473;0;0
406;65;6;156;0;0;0;0;0;0;3;905;300;2400;1221;1479;0;0
406;66;6;152;0;0;0;0;0;0;4;920;300;2400;1223;1477;0;23
406;67;6;150;0;0;0;0;0;0;2;931;300;2400;1236;1464;0;0
406;68;6;155;0;0;0;0;0;0;1;943;300;2400;1286;1414;0;1
406;69;6;162;0;0;0;0;0;0;2;954;300;2400;1275;1425;0;28
406;70;6;162;0;0;0;0;0;0;4;964;300;2400;1292;1408;0;7
406;71;6;169;0;0;0;0;0;0;2;978;300;2400;1279;1421;0;143
406;72;6;168;0;0;0;0;0;0;1;991;300;2400;1290;1410;0;8
406;73;6;165;0;0;0;0;0;0;3;1002;300;2400;1338;1362;0;46
406;74;6;169;0;0;0;0;0;0;3;1011;300;2400;1372;1328;0;11
406;75;6;158;0;0;0;0;0;0;2;1018;300;2400;1388;1312;0;0
406;76;6;160;0;0;0;0;0;0;1;1029;300;2400;1395;1305;0;0
406;77;6;168;0;0;0;0;0;0;3;1038;300;2400;1388;1312;0;121
406;78;6;169;0;0;0;0;0;0;1;1054;300;2400;1340;1360;0;0
406;79;6;170;0;0;0;0;0;0;2;1066;300;2400;1305;1395;0;93
406;80;6;170;0;0;0;0;0;0;1;1074;300;2400;1309;1391;0;0
406;81;6;165;0;0;0;0;0;0;1;1086;300;2400;1344;1356;0;40
406;82;6;165;0;0;0;0;0;0;4;1103;300;2400;1378;1322;0;0
406;83;6;164;0;0;0;0;0;0;4;1113;300;2400;1403;1297;0;68
406;84;6;168;0;0;0;0;0;0;2;1126;300;2400;1377;1323;0;0
406;85;6;172;0;0;0;0;0;0;4;1138;300;2400;1364;1336;0;0
406;86;6;179;0;0;0;0;0;0;3;1147;300;2400;1339;1361;0;0
406;87;6;174;0;0;0;0;0;0;1;1154;300;2400;1357;1343;0;0
406;88;6;176;0;0;0;0;0;0;4;1165;300;2400;1440;1260;0;0
406;89;6;176;0;0;0;0;0;0;0;1172;300;2400;1452;1248;0;0
406;90;6;160;0;0;0;0;0;0;2;1186;300;2400;1467;1233;0;0
406;91;6;130;0;0;0;0;0;0;2;1196;300;2400;1497;1203;0;1
406;92;6;130;0;0;0;0;0;0;2;1204;300;2400;1465;1235;0;0
406;93;6;135;0;0;0;0;0;0;1;1217;300;2400;1486;1214;0;0
406;94;6;139;0;0;0;0;0;0;1;1228;300;2400;1427;1273;0;0
406;95;6;140;0;0;0;0;0;0;0;1237;300;2400;1515;1185;0;0
406;96;6;151;0;0;0;0;0;0;2;1250;300;2400;1448;1252;0;0
406;97;6;153;0;0;0;0;0;0;3;1256;300;2400;1491;1209;0;0
406;98;6;162;0;0;0;0;0;0;0;1267;300;2400;1527;1173;0;0
406;99;6;162;0;0;0;0;0;0;2;1278;300;2400;1528;1172;0;0
406;100;6;163;0;0;0;0;0;0;1;1286;300;2400;1533;1167;0;0
407;1;6;79;0;0;0;0;0;0;3;16;0;2400;10;2390;0;0
407;2;6;93;0;0;0;0;0;0;4;22;0;2400;27;2373;0;0
407;3;6;108;0;0;0;0;0;0;4;39;0;2400;30;2370;0;0
407;4;6;119;0;0;0;0;0;0;4;51;0;2400;38;2362;0;86
407;5;6;133;0;0;0;0;0;0;5;63;0;2400;67;2333;0;28
407;6;6;140;0;0;0;0;0;0;3;75;0;2400;97;2303;0;0
407;7;6;147;0;0;0;0;0;0;4;86;0;2400;101;2299;0;68
407;8;6;151;0;0;0;0;0;0;4;100;0;2400;158;2242;0;108
407;9;6;146;0;0;0;0;0;0;3;115;0;2400;189;2211;0;59
407;10;6;156;0;0;0;0;0;0;4;126;0;2400;205;2195;0;30
407;11;6;143;0;0;0;0;0;0;4;140;0;2400;195;2205;0;20
407;12;6;160;0;0;0;0;0;0;5;157;5;2400;402;2003;0;0
407;13;6;162;0;0;0;0;0;0;4;170;25;2400;432;1993;0;152
407;14;6;166;0;0;0;0;0;0;2;186;120;2400;444;2076;0;30
407;15;6;174;0;0;0;0;0;0;5;201;130;2400;470;2060;0;42
407;16;6;185;0;0;0;0;0;0;6;219;195;2400;554;2041;0;75
407;17;6;187;0;0;0;0;0;0;5;235;210;2400;589;2021;0;52
407;18;6;191;0;0;0;0;0;0;4;248;210;2400;641;1969;0;32
407;19;6;200;0;0;0;0;0;0;4;261;210;2400;650;1960;0;19
407;20;6;209;0;0;0;0;0;0;5;272;210;2400;642;1968;0;62
407;21;6;215;0;0;0;0;0;0;6;289;210;2400;708;1902;0;13
407;22;6;218;0;0;1;0;0;0;5;311;210;2400;696;1914;0;40
407;23;6;221;0;0;1;0;0;0;6;329;210;2400;714;1896;0;44
407;24;6;218;0;0;1;0;0;0;6;343;210;2400;708;1902;0;245
407;25;6;218;0;0;1;0;0;0;3;360;210;2400;795;1815;0;0
407;26;6;225;0;0;1;0;0;0;5;374;210;2400;872;1738;0;196
407;27;6;210;0;0;1;0;0;0;5;390;210;2400;892;1718;0;91
407;28;6;210;0;0;1;0;0;0;4;411;210;2400;894;1716;0;29
407;29;6;211;0;0;1;0;0;0;5;427;210;2400;946;1664;0;118
407;30;6;209;0;0;1;0;0;0;4;446;210;2400;1006;1604;0;19
407;31;6;218;0;0;1;0;0;0;4;461;210;2400;1130;1480;0;290
407;32;6;218;0;0;1;0;0;0;6;478;225;2400;1189;1436;0;30
407;33;6;219;0;0;1;0;0;0;4;492;245;2400;1228;1417;0;0
407;34;6;223;0;0;1;0;0;0;2;509;245;2400;1232;1413;0;0
407;35;6;226;0;0;1;0;0;0;5;517;245;2400;1214;1431;0;40
407;36;6;227;0;0;1;0;0;0;2;532;245;2400;1246;1399;0;0
407;37;6;210;0;0;1;0;0;0;5;549;245;2400;1264;1381;0;53
407;38;6;217;0;0;1;0;0;0;6;569;245;2400;1319;1326;0;0
407;39;6;229;0;0;1;0;0;0;5;584;245;2400;1372;1273;0;88
407;40;6;229;0;0;1;0;0;0;5;598;245;2400;1371;1274;0;209
407;41;6;225;0;0;1;0;0;0;4;611;245;2400;1425;1220;0;62
407;42;6;195;0;0;1;0;0;0;3;624;245;2400;1514;1131;0;39
407;43;6;183;0;0;1;0;0;0;2;634;245;2400;1517;1128;0;0
407;44;6;184;0;0;1;0;0;0;4;643;245;2400;1480;1165;0;33
407;45;6;174;0;0;1;0;0;0;4;656;245;2400;1487;1158;0;0
407;46;6;176;0;0;1;0;0;0;3;665;245;2400;1461;1184;0;575
407;47;6;175;0;0;1;0;0;0;4;681;245;2400;1448;1197;0;0
407;48;6;180;0;0;1;0;0;0;5;693;245;2400;1505;1140;0;19
407;49;6;177;0;0;1;0;0;0;4;710;245;2400;1548;1097;0;49
407;50;6;177;0;0;1;0;0;0;5;724;245;2400;1587;1058;0;127
407;51;6;179;0;0;1;0;0;0;6;739;245;2400;1630;1015;0;100
407;52;6;187;0;0;1;0;0;0;6;756;245;2400;1664;981;0;35
407;53;6;190;0;0;1;0;0;0;6;771;245;2400;1653;992;0;0
407;54;6;194;0;0;1;0;0;0;6;787;245;2400;1651;994;0;85
407;55;6;188;0;0;1;0;0;0;3;805;245;2400;1729;916;0;0
407;56;6;189;0;0;1;0;0;0;4;822;245;2400;1805;840;0;0
407;57;6;178;0;0;1;0;0;0;5;832;245;2400;1886;759;0;144
407;58;6;173;0;0;1;0;0;0;3;849;245;2400;1864;781;0;115
407;59;6;188;0;0;1;0;0;0;5;866;245;2400;1951;694;0;213
407;60;6;188;0;0;1;0;0;0;2;891;245;2400;1950;695;0;140
407;61;6;191;0;0;1;0;0;0;6;909;245;2400;2044;601;0;187
407;62;6;193;0;0;1;0;0;0;6;925;245;2400;2070;575;0;31
407;63;6;172;0;0;1;0;0;0;5;940;245;2400;2144;501;0;56
407;64;6;180;0;0;1;0;0;0;5;957;245;2400;2189;456;0;0
407;65;6;181;0;0;1;0;0;0;4;978;245;2400;2149;496;0;0
407;66;6;183;0;0;1;0;0;0;6;994;245;2400;2163;482;0;0
407;67;6;181;0;0;1;0;0;0;6;1006;245;2400;2196;449;0;0
407;68;6;180;0;0;1;0;0;0;3;1023;245;2400;2249;396;0;164
407;69;6;184;0;0;1;0;0;0;5;1037;245;2400;2238;407;0;62
407;70;6;185;0;0;1;0;0;0;3;1053;245;2400;2252;393;0;0
407;71;6;181;0;0;1;0;0;0;2;1067;245;2400;2259;386;0;0
407;72;6;187;0;0;1;0;0;0;4;1080;245;2400;2326;319;0;59
407;73;6;193;0;0;1;0;0;0;4;1095;245;2400;2334;311;0;0
407;74;6;198;0;0;1;0;0;0;4;1112;245;2400;2444;201;0;37
407;75;6;195;0;0;1;0;0;0;4;1123;245;2400;2450;195;0;0
407;76;6;195;0;0;1;0;0;0;4;1137;245;2400;2416;229;0;0
407;77;6;166;0;0;1;0;0;0;2;1145;245;2400;2447;198;0;0
407;78;6;163;0;0;1;0;0;0;2;1154;245;2400;2457;188;0;0
407;79;6;148;0;0;1;0;0;0;4;1162;245;2400;2475;170;0;0
407;80;6;154;0;0;1;0;0;0;4;1172;245;2400;2476;169;0;0
407;81;6;156;0;0;1;0;0;0;4;1184;245;2400;2481;164;0;0
407;82;6;164;0;0;1;0;0;0;4;1196;245;2400;2445;200;0;0
407;83;6;168;0;0;1;0;0;0;4;1208;245;2400;2433;212;0;0
407;84;6;175;0;0;1;0;0;0;4;1222;245;2400;2439;206;0;0
407;85;6;179;0;0;1;0;0;0;3;1233;245;2400;2466;179;0;0
407;86;6;183;0;0;1;0;0;0;5;1244;245;2400;2484;161;0;0
407;87;6;179;0;0;1;0;0;0;4;1254;245;2400;2468;177;0;0
407;88;6;175;0;0;1;0;0;0;4;1265;245;2400;2460;185;0;3
407;89;6;179;0;0;1;0;0;0;5;1277;245;2400;2446;199;0;0
407;90;6;188;0;0;1;0;0;0;4;1288;245;2400;2403;242;0;0
407;91;6;183;0;0;1;0;0;0;2;1299;245;2400;2413;232;0;0
407;92;6;156;0;0;1;0;0;0;5;1312;245;2400;2429;216;0;0
407;93;6;157;0;0;1;0;0;0;3;1325;245;2400;2434;211;0;69
407;94;6;157;0;0;1;0;0;0;4;1332;245;2400;2428;217;0;0
407;95;6;162;0;0;1;0;0;0;2;1347;245;2400;2445;200;0;0
407;96;6;165;0;0;1;0;0;0;4;1356;245;2400;2425;220;0;0
407;97;6;165;0;0;1;0;0;0;1;1375;245;2400;2415;230;0;0
407;98;6;163;0;0;1;0;0;0;4;1388;245;2400;2475;170;0;13
407;99;6;169;0;0;1;0;0;0;3;1403;245;2400;2481;164;0;0
407;100;6;166;0;0;1;0;0;0;6;1418;245;2400;2470;175;0;28
408;1;6;81;0;0;0;0;0;0;2;14;0;2400;-12;2412;0;0
408;2;6;89;0;0;0;0;1;0;2;25;0;2400;-4;2404;0;0
408;3;6;99;0;0;0;0;1;1;4;38;0;2400;2;2398;0;0
408;4;6;116;0;0;0;0;0;0;4;50;0;2400;-7;2407;0;0
408;5;6;105;0;0;0;0;0;0;4;64;0;2400;124;2276;0;0
408;6;6;107;0;0;0;0;0;0;4;74;0;2400;180;2220;0;1
408;7;6;113;0;0;0;0;0;0;2;88;0;2400;240;2160;0;56
408;8;6;116;0;0;0;0;0;0;3;96;0;2400;245;2155;0;0
408;9;6;124;0;0;0;0;0;0;5;109;0;2400;199;2201;0;0
408;10;6;130;0;0;0;0;0;0;3;122;0;2400;231;2169;0;0
408;11;6;138;0;0;0;0;0;0;4;136;0;2400;239;2161;0;28
408;12;6;143;0;0;0;0;0;0;5;149;0;2400;218;2182;0;253
408;13;6;146;0;0;0;0;0;0;4;168;0;2400;198;2202;0;117
408;14;6;155;0;0;0;0;0;0;3;182;0;2400;215;2185;0;32
408;15;6;162;0;0;0;0;0;0;4;199;0;2400;286;2114;0;85
408;16;6;173;0;0;0;0;0;0;3;216;0;2400;409;1991;0;64
408;17;6;182;0;0;0;0;0;0;5;230;0;2400;413;1987;0;77
408;18;6;184;0;0;0;0;0;0;4;251;10;2400;388;2022;0;31
408;19;6;191;0;0;0;0;0;0;5;263;50;2400;369;2081;0;22
408;20;6;202;0;0;0;0;0;0;3;286;85;2400;423;2062;0;69
408;21;6;204;0;0;0;0;0;0;4;300;110;2400;429;2081;0;111
408;22;6;205;0;0;0;0;0;0;3;318;155;2400;405;2150;0;18
408;23;6;206;0;0;0;0;0;0;5;331;160;2400;499;2061;0;299
408;24;6;206;0;0;1;0;0;0;4;344;160;2400;519;2041;0;57
408;25;6;210;0;0;1;0;0;0;4;358;160;2400;526;2034;0;0
408;26;6;219;0;0;1;0;0;0;3;371;160;2400;565;1995;0;251
408;27;6;216;0;0;1;0;0;0;4;384;160;2400;599;1961;0;0
408;28;6;219;0;0;1;0;0;0;4;395;160;2400;610;1950;0;84
408;29;6;226;0;0;1;0;0;0;4;408;160;2400;629;1931;0;26
408;30;6;235;0;0;1;0;0;0;5;415;160;2400;671;1889;0;0
408;31;6;228;0;0;1;0;0;0;5;429;160;2400;722;1838;0;0
408;32;6;228;0;0;1;0;0;0;5;436;160;2400;815;1745;0;49
408;33;6;231;0;0;1;0;0;0;2;448;160;2400;848;1712;0;226
408;34;6;234;0;0;1;0;0;0;5;463;160;2400;847;1713;0;100
408;35;6;234;0;0;1;0;0;0;2;478;160;2400;829;1731;0;0
408;36;6;237;0;0;1;0;0;0;4;490;160;2400;895;1665;0;0
408;37;6;245;0;0;1;0;0;0;4;499;160;2400;893;1667;0;0
408;38;6;237;0;0;1;0;0;0;4;508;160;2400;935;1625;0;18
408;39;6;233;0;0;1;0;0;0;3;526;160;2400;902;1658;0;0
408;40;6;236;0;0;1;0;0;0;3;536;160;2400;937;1623;0;0
408;41;6;237;0;0;1;0;0;0;4;546;160;2400;1000;1560;0;83
408;42;6;243;0;0;1;0;0;0;3;560;160;2400;998;1562;0;62
408;43;6;214;0;0;1;0;0;0;4;577;160;2400;1077;1483;0;351
408;44;6;155;0;0;1;0;0;0;4;593;160;2400;1067;1493;0;480
408;45;6;157;0;0;1;0;0;0;3;611;160;2400;1145;1415;0;3
408;46;6;153;0;0;1;0;0;0;5;621;160;2400;1154;1406;0;1
408;47;6;159;0;0;1;0;0;0;2;637;160;2400;1176;1384;0;0
408;48;6;164;0;0;1;0;0;0;2;653;160;2400;1259;1301;0;11
408;49;6;164;0;0;1;0;0;0;3;667;160;2400;1306;1254;0;0
408;50;6;165;0;0;1;0;0;0;5;680;160;2400;1285;1275;0;388
408;51;6;182;0;0;1;0;0;0;5;698;160;2400;1294;1266;0;3
408;52;6;184;0;0;1;0;0;0;3;715;160;2400;1395;1165;0;0
408;53;6;190;0;0;1;0;0;0;3;725;160;2400;1390;1170;0;97
408;54;6;202;0;0;1;0;0;0;4;740;160;2400;1397;1163;0;119
408;55;6;202;0;0;1;0;0;0;2;752;160;2400;1441;1119;0;0
408;56;6;211;0;0;1;0;0;0;4;766;160;2400;1491;1069;0;52
408;57;6;218;0;0;1;0;0;0;3;781;160;2400;1557;1003;0;0
408;58;6;198;0;0;1;0;0;0;4;796;160;2400;1649;911;0;90
408;59;6;211;0;0;1;0;0;0;4;811;160;2400;1662;898;0;117
408;60;6;215;0;0;1;0;0;0;3;827;160;2400;1669;891;0;0
408;61;6;217;0;0;1;0;0;0;3;842;160;2400;1701;859;0;41
408;62;6;226;0;0;1;0;0;0;3;851;160;2400;1721;839;0;0
408;63;6;224;0;0;1;0;0;0;3;862;160;2400;1727;833;0;11
408;64;6;178;0;0;1;0;0;0;2;870;160;2400;1790;770;0;89
408;65;6;180;0;0;1;0;0;0;4;881;160;2400;1814;746;0;0
408;66;6;181;0;0;1;0;0;0;3;888;160;2400;1881;679;0;0
408;67;6;157;0;0;1;0;0;0;3;901;160;2400;1949;611;0;0
408;68;6;159;0;0;1;0;0;0;1;909;160;2400;1892;668;0;76
408;69;6;164;0;0;1;0;0;0;4;919;160;2400;1937;623;0;0
408;70;6;170;0;0;1;0;0;0;3;930;160;2400;1949;611;0;0
408;71;6;168;0;0;1;0;0;0;2;939;160;2400;1984;576;0;0
408;72;6;171;0;0;1;0;0;0;3;948;160;2400;2003;557;0;0
408;73;6;177;0;0;1;0;0;0;5;957;160;2400;2016;544;0;0
408;74;6;174;0;0;1;0;0;0;4;971;160;2400;2095;465;0;0
408;75;6;183;0;0;1;0;0;0;1;982;160;2400;2083;477;0;0
408;76;6;184;0;0;1;0;0;0;2;991;160;2400;2093;467;0;94
408;77;6;193;0;0;1;0;0;0;3;999;160;2400;2171;389;0;0
408;78;6;197;0;0;1;0;0;0;5;1009;160;2400;2183;377;0;36
408;79;6;200;0;0;1;0;0;0;3;1018;160;2400;2161;399;0;41
408;80;6;187;0;0;1;0;0;0;4;1027;160;2400;2145;415;0;0
408;81;6;191;0;0;1;0;0;0;4;1037;160;2400;2108;452;0;0
408;82;6;188;0;0;1;0;0;0;4;1047;160;2400;2173;387;0;0
408;83;6;197;0;0;1;0;0;0;3;1059;160;2400;2134;426;0;0
408;84;6;200;0;0;1;0;0;0;4;1068;160;2400;2187;373;0;25
408;85;6;202;0;0;1;0;0;0;4;1081;160;2400;2164;396;0;0
408;86;6;213;0;0;1;0;0;0;3;1090;160;2400;2160;400;0;34
408;87;6;217;0;0;1;0;0;0;3;1099;175;2400;2194;381;0;37
408;88;6;229;0;0;1;0;0;0;2;1108;190;2400;2227;363;0;27
408;89;6;229;0;0;1;0;0;0;4;1120;190;2400;2213;377;0;29
408;90;6;227;0;0;1;0;0;0;4;1126;190;2400;2176;414;0;0
408;91;6;205;0;0;1;0;0;0;2;1135;190;2400;2179;411;0;4
408;92;6;201;0;0;1;0;0;0;3;1146;190;2400;2229;361;0;0
408;93;6;197;0;0;1;0;0;0;4;1152;195;2400;2244;351;0;0
408;94;6;194;0;0;1;0;0;0;1;1162;195;2400;2301;294;0;0
408;95;6;199;0;0;1;0;0;0;1;1170;195;2400;2287;308;0;0
408;96;6;203;0;0;1;0;0;0;1;1178;200;2400;2278;322;0;0
408;97;6;210;0;0;1;0;0;0;3;1185;200;2400;2274;326;0;0
408;98;6;210;0;0;1;0;0;0;5;1192;205;2400;2225;380;0;0
408;99;6;207;0;0;1;0;0;0;0;1202;210;2400;2220;390;0;0
408;100;6;212;0;0;1;0;0;0;2;1209;215;2400;2215;400;0;0
409;1;6;79;0;0;0;0;0;0;0;11;0;2400;-10;2410;0;0
409;2;6;89;0;0;0;0;0;0;4;20;0;2400;-34;2434;0;0
409;3;6;114;0;0;0;0;0;0;3;32;0;2400;-25;2425;0;0
409;4;6;123;0;0;0;0;0;0;2;45;0;2400;8;2392;0;0
409;5;6;136;0;0;0;0;0;0;6;58;0;2400;37;2363;0;134
409;6;6;139;0;0;0;0;0;0;5;73;0;2400;53;2347;0;0
409;7;6;146;0;0;0;0;0;0;4;90;0;2400;69;2331;0;0
409;8;6;138;0;0;0;0;0;0;3;102;0;2400;60;2340;0;0
409;9;6;144;0;0;0;0;0;0;4;115;0;2400;72;2328;0;102
409;10;6;144;0;0;0;0;0;0;2;132;0;2400;64;2336;0;0
409;11;6;151;0;0;0;0;0;0;5;143;0;2400;74;2326;0;52
409;12;6;151;0;0;0;0;0;0;5;156;0;2400;45;2355;0;0
409;13;6;150;0;0;0;0;0;0;5;169;0;2400;89;2311;0;83
409;14;6;145;0;0;0;0;0;0;4;183;0;2400;182;2218;0;0
409;15;6;145;0;0;0;0;0;0;5;202;0;2400;193;2207;0;44
409;16;6;152;0;0;0;0;0;0;4;216;0;2400;168;2232;0;0
409;17;6;150;0;0;0;0;0;0;4;234;0;2400;228;2172;0;0
409;18;6;155;0;0;0;0;0;0;5;250;0;2400;280;2120;0;95
409;19;6;159;0;0;0;0;0;0;3;265;0;2400;268;2132;0;0
409;20;6;154;0;0;0;0;0;0;4;285;0;2400;297;2103;0;0
409;21;6;149;0;0;0;0;0;0;6;301;0;2400;311;2089;0;0
409;22;6;140;0;0;0;0;0;0;5;315;0;2400;332;2068;0;0
409;23;6;141;0;0;0;1;0;1;4;332;0;2400;323;2077;0;0
409;24;6;137;0;0;0;0;1;0;5;350;0;2400;343;2057;0;72
409;25;6;144;0;0;0;0;0;0;4;373;0;2400;390;2010;0;29
409;26;6;145;0;0;0;0;0;0;2;397;0;2400;420;1980;0;0
409;27;6;146;0;0;0;0;0;0;5;411;0;2400;406;1994;0;0
409;28;6;150;0;0;1;0;0;0;3;429;0;2400;386;2014;0;0
409;29;6;145;0;0;1;0;0;0;5;447;0;2400;389;2011;0;51
409;30;6;135;0;0;1;0;0;0;5;457;0;2400;389;2011;0;0
409;31;6;133;0;0;1;0;0;0;2;472;0;2400;389;2011;0;0
409;32;6;136;0;0;1;0;0;0;4;485;0;2400;354;2046;0;0
409;33;6;139;0;0;1;0;0;0;5;499;0;2400;375;2025;0;0
409;34;6;142;0;0;1;0;0;0;5;515;0;2400;348;2052;0;14
409;35;6;143;0;0;1;0;0;0;4;531;0;2400;369;2031;0;29
409;36;6;139;0;0;1;0;0;0;4;546;0;2400;322;2078;0;0
409;37;6;139;0;0;1;0;0;0;3;558;0;2400;307;2093;0;0
409;38;6;132;0;0;1;0;0;0;3;569;0;2400;287;2113;0;0
409;39;6;131;0;0;1;0;0;0;5;583;0;2400;307;2093;0;115
409;40;6;132;0;0;1;0;0;0;4;595;0;2400;327;2073;0;0
409;41;6;134;0;0;1;0;0;0;4;609;0;2400;323;2077;0;0
409;42;6;125;1;2;1;0;0;0;3;622;0;2400;359;2041;0;0
409;43;6;120;1;2;1;0;0;0;4;629;0;2400;351;2049;0;0
409;44;6;125;1;2;1;0;0;0;2;642;0;2400;381;2019;0;0
409;45;6;123;1;2;1;0;0;0;5;658;0;2400;374;2026;0;0
409;46;6;126;1;2;1;0;0;0;3;668;0;2400;374;2026;0;70
409;47;6;124;1;2;1;0;0;0;4;684;0;2400;390;2010;0;0
409;48;6;128;1;2;1;0;0;0;6;692;0;2400;390;2010;0;0
409;49;6;125;1;2;1;0;0;0;4;706;0;2400;390;2010;0;32
409;50;6;122;1;2;1;0;0;0;5;717;0;2400;375;2025;0;1
409;51;6;113;1;2;1;0;0;0;2;728;0;2400;341;2059;0;0
409;52;6;120;1;2;1;0;0;0;4;744;0;2400;273;2127;0;0
409;53;6;121;1;2;1;0;0;0;5;756;0;2400;258;2142;0;0
409;54;6;119;1;2;1;0;0;0;4;770;0;2400;258;2142;0;137
409;55;6;118;1;2;1;0;0;0;4;785;0;2400;315;2085;0;107
409;56;6;117;1;2;1;0;0;0;4;797;0;2400;284;2116;0;0
409;57;6;115;1;2;1;0;0;0;3;809;0;2400;273;2127;0;1
409;58;6;117;1;2;1;0;0;0;4;820;0;2400;270;2130;0;0
409;59;6;116;1;2;1;0;0;0;3;834;0;2400;224;2176;0;1
409;60;6;116;1;2;1;0;0;0;4;849;0;2400;239;2161;0;0
409;61;6;117;1;2;1;0;0;0;4;867;0;2400;172;2228;0;0
409;62;6;115;1;2;1;0;0;0;4;880;0;2400;181;2219;0;14
409;63;6;118;1;2;1;0;0;0;5;898;0;2400;181;2219;0;0
409;64;6;118;1;2;1;0;0;0;4;911;0;2400;181;2219;0;0
409;65;6;111;1;2;1;0;0;0;4;924;0;2400;155;2245;0;15
409;66;6;110;1;2;1;0;0;0;4;938;0;2400;140;2260;0;0
409;67;6;112;1;2;1;0;0;0;3;950;0;2400;93;2307;0;0
409;68;6;113;1;2;1;0;0;0;4;968;0;2400;84;2316;0;36
409;69;6;116;1;2;1;0;0;0;5;980;0;2400;94;2306;0;144
409;70;6;116;1;2;1;0;0;0;5;998;0;2400;91;2309;0;333
409;71;6;113;1;2;1;0;0;0;2;1014;0;2400;73;2327;0;199
409;72;6;114;1;2;1;0;0;0;3;1029;0;2400;62;2338;0;23
409;73;6;113;1;2;1;0;0;0;3;1039;0;2400;107;2293;0;0
409;74;6;120;1;2;1;0;0;0;4;1051;0;2400;107;2293;0;101
409;75;6;123;1;2;1;0;0;0;3;1067;0;2400;102;2298;0;0
409;76;6;122;1;2;1;0;0;0;2;1075;0;2400;102;2298;0;0
409;77;6;119;1;2;1;0;0;0;4;1088;0;2400;108;2292;0;22
409;78;6;117;1;2;1;0;0;0;2;1100;0;2400;91;2309;0;16
409;79;6;120;1;2;1;0;0;0;2;1112;0;2400;135;2265;0;39
409;80;6;119;1;2;1;0;0;0;3;1127;0;2400;81;2319;0;0
409;81;6;116;1;2;1;0;0;0;3;1135;0;2400;92;2308;0;0
409;82;6;120;1;2;1;0;0;0;5;1149;0;2400;84;2316;0;0
409;83;6;119;1;2;1;0;0;0;2;1165;0;2400;46;2354;0;0
409;84;6;117;1;2;1;0;0;0;4;1177;0;2400;76;2324;0;0
409;85;6;108;1;2;1;0;0;0;3;1192;0;2400;91;2309;0;0
409;86;6;103;1;2;1;0;0;0;2;1203;0;2400;64;2336;0;0
409;87;6;106;1;2;1;0;0;0;3;1217;0;2400;64;2336;0;0
409;88;6;104;1;2;1;0;0;0;4;1233;0;2400;78;2322;0;33
409;89;6;105;1;2;1;0;0;0;4;1247;0;2400;110;2290;0;1
409;90;6;110;1;2;1;0;0;0;2;1263;0;2400;110;2290;0;0
409;91;6;109;1;2;1;0;0;0;4;1272;0;2400;156;2244;0;0
409;92;6;108;1;2;1;0;0;0;4;1290;0;2400;192;2208;0;0
409;93;6;107;1;2;1;0;0;0;3;1305;0;2400;169;2231;0;0
409;94;6;102;1;2;1;0;0;0;3;1315;0;2400;174;2226;0;0
409;95;6;105;1;2;1;0;0;0;2;1326;0;2400;164;2236;0;0
409;96;6;106;1;2;1;0;0;0;3;1336;0;2400;180;2220;0;0
409;97;6;110;1;2;1;0;0;0;3;1345;0;2400;153;2247;0;0
409;98;6;108;1;2;1;0;0;0;2;1362;0;2400;275;2125;0;0
409;99;6;113;1;2;1;0;0;0;3;1372;0;2400;294;2106;0;0
409;100;6;110;1;2;1;0;0;0;2;1386;0;2400;289;2111;0;0
410;1;6;82;0;0;0;0;0;0;1;16;0;2400;0;2400;0;0
410;2;6;97;0;0;0;0;0;0;5;26;0;2400;77;2323;0;0
410;3;6;95;0;0;0;0;0;0;4;40;0;2400;85;2315;0;0
410;4;6;87;0;0;0;0;0;0;4;54;0;2400;109;2291;0;62
410;5;6;89;0;0;0;0;0;0;3;69;0;2400;129;2271;0;0
410;6;6;98;0;0;0;0;0;0;3;84;0;2400;153;2247;0;102
410;7;6;111;0;0;0;0;0;0;3;100;0;2400;171;2229;0;60
410;8;6;117;0;0;0;0;0;0;3;117;0;2400;195;2205;0;99
410;9;6;130;0;0;1;0;0;0;4;136;0;2400;289;2111;0;353
410;10;6;137;0;0;1;0;0;0;3;156;0;2400;301;2099;0;137
410;11;6;136;1;2;1;0;0;0;4;178;0;2400;311;2089;0;16
410;12;6;144;1;2;1;0;0;0;4;196;0;2400;358;2042;0;62
410;13;6;150;1;2;1;0;0;0;5;219;0;2400;376;2024;0;133
410;14;6;151;1;2;1;0;0;0;3;244;40;2400;413;2027;0;28
410;15;6;162;1;2;1;0;0;0;5;266;50;2400;406;2044;0;149
410;16;6;169;1;2;1;0;0;0;4;290;50;2400;447;2003;0;312
410;17;6;176;1;2;1;0;0;0;5;316;55;2400;483;1972;0;73
410;18;6;180;1;2;1;0;0;0;4;343;55;2400;462;1993;0;146
410;19;6;186;1;2;1;0;0;0;3;362;55;2400;498;1957;0;0
410;20;6;201;1;2;1;0;0;0;4;386;55;2400;541;1914;0;72
410;21;6;209;1;2;1;0;0;0;5;408;55;2400;599;1856;0;161
410;22;6;212;1;2;1;0;0;0;3;435;60;2400;611;1849;0;200
410;23;6;210;1;2;1;0;0;0;6;461;60;2400;690;1770;0;163
410;24;6;216;1;2;1;0;0;0;5;490;60;2400;778;1682;0;102
410;25;6;222;1;2;1;0;0;0;3;520;60;2400;803;1657;0;0
410;26;6;224;1;2;1;0;0;0;5;541;60;2400;885;1575;0;135
410;27;6;227;1;2;1;0;0;0;3;565;60;2400;900;1560;0;107
410;28;6;229;1;2;1;0;0;0;4;587;60;2400;911;1549;0;138
410;29;6;214;1;2;1;0;0;0;4;616;75;2400;952;1523;0;0
410;30;6;211;1;2;1;0;0;0;3;635;75;2400;965;1510;0;7
410;31;6;209;1;2;1;0;0;0;5;662;75;2400;988;1487;0;85
410;32;6;206;1;2;2;0;0;0;3;693;80;2400;1031;1449;0;41
410;33;6;200;1;2;2;0;0;0;5;718;95;2400;1031;1464;0;149
410;34;6;210;1;2;2;0;0;0;3;751;105;2400;1057;1448;0;0
410;35;6;207;1;2;2;0;0;0;3;775;110;2400;1039;1471;0;0
410;36;6;215;1;2;2;0;0;0;4;800;125;2400;1077;1448;0;32
410;37;6;218;1;2;2;0;0;0;5;829;130;2400;1140;1390;0;10
410;38;6;213;1;2;2;0;0;0;3;859;145;2400;1158;1387;0;36
410;39;6;207;1;2;2;0;0;0;5;882;160;2400;1200;1360;0;15
410;40;6;218;1;2;2;0;0;0;5;907;175;2400;1181;1394;0;97
410;41;6;216;1;2;2;0;0;0;3;934;175;2400;1204;1371;0;0
410;42;6;220;1;2;2;0;0;0;2;952;175;2400;1249;1326;0;64
410;43;6;215;1;2;2;0;0;0;3;975;175;2400;1262;1313;0;0
410;44;6;215;1;2;2;0;0;0;5;989;175;2400;1317;1258;0;35
410;45;6;214;1;2;2;0;0;0;3;1006;175;2400;1457;1118;0;120
410;46;6;211;1;2;2;0;0;0;2;1028;175;2400;1454;1121;0;65
410;47;6;208;1;2;2;0;0;0;4;1046;175;2400;1508;1067;0;175
410;48;6;201;1;2;2;0;0;0;2;1070;175;2400;1584;991;0;63
410;49;6;206;1;2;2;0;0;0;5;1089;175;2400;1626;949;0;78
410;50;6;209;1;2;2;0;0;0;2;1108;175;2400;1606;969;0;45
410;51;6;211;1;2;2;0;0;0;4;1128;175;2400;1574;1001;0;8
410;52;6;215;1;2;2;0;0;0;3;1138;175;2400;1559;1016;0;0
410;53;6;197;1;2;2;0;0;0;3;1161;175;2400;1556;1019;0;55
410;54;6;198;0;0;1;0;0;0;3;1173;175;2400;1565;1010;0;133
410;55;6;197;0;0;1;0;0;0;2;1189;175;2400;1576;999;0;0
410;56;6;197;0;0;1;0;0;0;3;1202;175;2400;1609;966;0;87
410;57;6;192;0;0;1;0;0;0;4;1215;175;2400;1621;954;0;39
410;58;6;192;0;0;1;0;0;0;1;1228;175;2400;1686;889;0;0
410;59;6;187;0;0;1;0;0;0;2;1238;175;2400;1667;908;0;24
410;60;6;187;0;0;1;0;0;0;2;1250;175;2400;1711;864;0;33
410;61;6;176;0;0;1;0;0;0;3;1263;175;2400;1718;857;0;0
410;62;6;171;0;0;1;0;0;0;3;1279;175;2400;1769;806;0;70
410;63;6;174;0;0;1;0;0;0;4;1293;175;2400;1760;815;0;4
410;64;6;178;0;0;1;0;0;0;3;1307;175;2400;1808;767;0;0
410;65;6;174;0;0;1;0;0;0;3;1316;175;2400;1856;719;0;0
410;66;6;167;0;0;1;0;0;0;2;1327;175;2400;1839;736;0;0
410;67;6;169;0;0;1;0;0;0;2;1337;175;2400;1829;746;0;0
410;68;6;171;0;0;1;0;0;0;2;1349;175;2400;1928;647;0;92
410;69;6;170;0;0;1;0;0;0;3;1358;175;2400;1956;619;0;0
410;70;6;179;0;0;1;0;0;0;2;1374;175;2400;1984;591;0;0
410;71;6;190;0;0;1;0;0;0;3;1383;175;2400;1982;593;0;1
410;72;6;187;0;0;1;0;0;0;3;1396;175;2400;1974;601;0;0
410;73;6;191;0;0;1;0;0;0;4;1404;175;2400;1969;606;0;0
410;74;6;190;0;0;1;0;0;0;4;1416;175;2400;1992;583;0;0
410;75;6;176;0;0;1;0;0;0;3;1429;175;2400;1987;588;0;0
410;76;6;175;0;0;1;0;0;0;3;1438;175;2400;1982;593;0;50
410;77;6;174;0;0;1;0;0;0;0;1451;175;2400;2019;556;0;0
410;78;6;172;0;0;1;0;0;0;3;1464;175;2400;2076;499;0;68
410;79;6;179;0;0;1;0;0;0;2;1478;175;2400;2105;470;0;0
410;80;6;178;0;0;1;0;0;0;4;1486;175;2400;2111;464;0;0
410;81;6;180;0;0;1;0;0;0;2;1501;175;2400;2167;408;0;67
410;82;6;178;0;0;1;0;0;0;2;1514;175;2400;2182;393;0;0
410;83;6;167;0;0;1;0;0;0;0;1521;175;2400;2202;373;0;0
410;84;6;163;0;0;1;0;0;0;3;1532;175;2400;2196;379;0;0
410;85;6;163;0;0;1;0;0;0;2;1540;175;2400;2181;394;0;0
410;86;6;159;0;0;1;0;0;0;2;1552;175;2400;2206;369;0;79
410;87;6;158;0;0;1;0;0;0;2;1559;175;2400;2202;373;0;0
410;88;6;161;0;0;1;0;0;0;3;1571;175;2400;2206;369;0;43
410;89;6;159;0;0;1;0;0;0;2;1585;175;2400;2232;343;0;46
410;90;6;163;0;0;1;0;0;0;1;1599;175;2400;2260;315;0;0
410;91;6;157;0;0;1;0;0;0;1;1611;175;2400;2279;296;0;24
410;92;6;161;0;0;1;0;0;0;2;1621;175;2400;2323;252;0;0
410;93;6;160;0;0;1;0;0;0;4;1632;175;2400;2371;204;0;0
410;94;6;162;0;0;1;0;0;0;3;1643;175;2400;2381;194;0;0
410;95;6;161;0;0;1;0;0;0;0;1654;175;2400;2463;112;0;0
410;96;6;162;0;0;1;0;0;0;3;1663;175;2400;2463;112;0;0
410;97;6;158;0;0;1;0;0;0;1;1672;175;2400;2501;74;0;0
410;98;6;159;0;0;1;0;0;0;1;1682;175;2400;2487;88;0;0
410;99;6;164;0;0;1;0;0;0;1;1690;175;2400;2479;96;0;0
410;100;6;164;0;0;1;0;0;0;1;1700;175;2400;2471;104;0;0
