graine;annee;colons;batiments;pieces;tombes;voyages;famine;caravanes_finies;royaumes;frappe;pertes
1;1;11;4;380;0;0;0;0;0;0;20
1;2;15;9;380;0;0;0;0;0;0;20
1;3;17;10;380;0;0;0;0;0;0;20
1;4;17;13;380;0;0;0;0;0;0;20
1;5;20;19;380;0;0;0;0;0;0;20
1;6;22;23;380;0;0;0;0;0;0;20
1;7;23;23;380;1;0;0;0;0;0;20
1;8;23;24;332;3;0;0;0;0;0;68
1;9;23;24;335;3;0;0;0;0;0;65
1;10;27;27;318;4;0;0;0;0;0;82
1;11;30;27;320;5;0;0;0;0;0;80
1;12;28;27;335;9;0;0;0;0;0;65
1;13;29;27;337;10;0;0;0;0;0;63
1;14;28;27;324;14;0;0;0;0;0;76
1;15;28;27;324;14;0;0;0;0;0;76
1;16;29;27;300;15;0;0;0;0;0;100
1;17;30;27;318;15;0;0;0;0;0;82
1;18;29;27;318;16;0;0;0;0;0;62
1;19;33;27;303;18;0;0;0;0;0;77
1;20;34;27;306;19;0;0;0;0;0;74
1;21;38;28;306;21;0;0;0;0;0;74
1;22;40;28;296;23;0;0;0;0;0;99
1;23;43;28;282;24;0;0;0;0;0;113
1;24;47;31;248;24;0;0;0;0;0;147
1;25;47;31;227;27;0;0;0;0;0;96
1;26;52;32;227;28;0;0;0;0;0;108
1;27;51;34;239;28;0;0;0;0;0;132
1;28;55;35;199;32;0;0;0;0;0;100
1;29;54;35;167;32;0;0;0;0;0;121
1;30;56;35;156;33;0;0;0;0;0;96
1;31;55;35;159;36;0;0;0;0;0;143
1;32;54;35;165;40;0;0;0;0;0;164
1;33;51;35;174;44;0;0;0;0;0;115
1;34;54;35;174;46;0;0;0;0;0;135
1;35;54;35;159;50;0;0;0;0;0;150
1;36;57;35;129;51;0;0;0;0;0;184
1;37;54;35;114;56;0;0;0;0;0;199
1;38;58;35;120;57;0;0;0;0;0;183
1;39;68;35;95;57;0;0;0;0;0;208
1;40;68;35;95;59;0;0;0;0;0;208
1;41;73;35;57;60;0;0;0;0;0;243
1;42;75;38;63;61;0;0;0;0;0;295
1;43;77;39;63;63;0;0;0;0;0;316
1;44;79;39;63;65;0;0;0;0;0;336
1;45;84;40;47;68;0;0;0;0;0;345
1;46;81;40;50;71;0;0;0;0;0;338
1;47;80;41;30;75;0;0;0;0;5;358
1;48;83;41;34;78;0;0;0;0;5;346
1;49;85;41;18;82;0;0;0;0;5;382
1;50;79;41;6;89;0;0;0;0;5;394
1;51;78;41;6;95;0;0;0;0;5;394
1;52;81;41;6;96;0;0;0;0;5;389
1;53;81;41;10;98;0;0;0;0;5;385
1;54;76;41;10;104;0;0;0;0;5;385
1;55;79;41;13;106;0;0;0;0;5;382
1;56;85;41;13;110;0;0;0;0;5;382
1;57;79;41;16;117;0;0;0;0;5;375
1;58;75;41;25;120;0;0;0;0;5;366
1;59;75;41;25;123;0;0;0;0;5;362
1;60;76;41;1;125;0;0;0;0;5;386
1;61;73;41;1;129;0;0;0;0;5;378
1;62;76;41;5;130;0;0;0;0;5;386
1;63;78;41;11;132;0;0;0;0;5;380
1;64;77;41;14;137;0;0;0;0;5;373
1;65;78;41;18;142;0;0;0;0;5;360
1;66;81;41;18;143;0;0;0;0;5;375
1;67;85;41;18;144;0;0;0;0;5;370
1;68;83;41;26;150;0;0;0;0;5;362
1;69;87;41;26;152;0;0;0;0;5;357
1;70;89;41;30;156;0;0;0;0;5;353
1;71;92;41;39;161;0;0;0;0;5;361
1;72;98;41;44;163;0;0;0;0;5;356
1;73;97;41;24;168;0;0;0;0;5;376
1;74;98;41;28;172;0;0;0;0;5;367
1;75;98;41;32;176;0;0;0;0;5;353
1;76;99;41;32;181;0;0;0;0;5;348
1;77;100;41;21;185;0;0;0;0;5;354
1;78;104;41;21;188;0;0;0;0;5;354
1;79;108;42;25;191;0;0;0;0;5;350
1;80;109;43;25;192;0;0;0;0;5;369
1;81;112;44;25;195;0;0;0;0;5;369
1;82;116;44;25;199;0;0;0;0;5;369
1;83;119;45;29;204;0;0;0;0;5;365
1;84;129;46;5;204;0;0;0;0;5;375
1;85;132;47;13;212;0;0;0;0;5;379
1;86;131;47;13;218;0;0;0;0;5;374
1;87;135;47;13;222;0;0;0;0;5;368
1;88;137;48;13;226;0;0;0;0;5;362
1;89;137;49;17;231;0;0;0;0;5;358
1;90;136;49;1;235;0;0;0;0;5;399
1;91;133;49;1;240;0;0;0;0;5;399
1;92;139;49;5;244;0;0;0;0;5;395
1;93;138;49;5;250;0;0;0;0;5;385
1;94;140;49;9;255;0;0;0;0;5;376
1;95;142;49;9;260;0;0;0;0;5;371
1;96;140;49;14;268;0;0;0;0;5;361
1;97;139;49;14;274;0;0;0;0;5;384
1;98;141;49;18;280;0;0;0;0;5;380
1;99;141;49;18;288;0;0;0;0;5;369
1;100;142;49;24;294;0;0;0;0;5;351
2;1;9;6;400;0;0;0;0;0;0;0
2;2;11;9;400;0;0;0;0;0;0;0
2;3;16;12;400;0;0;0;0;0;0;0
2;4;16;15;388;1;0;0;0;0;0;12
2;5;19;19;376;1;0;0;0;0;0;24
2;6;19;20;376;1;0;0;0;0;0;24
2;7;21;21;376;1;0;0;0;0;0;24
2;8;20;24;383;3;0;0;0;0;0;17
2;9;21;24;366;3;0;0;0;0;0;34
2;10;24;24;377;3;0;0;0;0;0;23
2;11;25;27;382;5;0;0;0;0;0;18
2;12;26;27;384;5;0;0;0;0;0;16
2;13;28;27;384;6;0;0;0;0;0;16
2;14;28;27;354;9;0;0;0;0;0;46
2;15;29;27;392;11;0;0;0;0;0;8
2;16;33;27;379;13;0;0;0;0;0;21
2;17;39;29;379;13;0;0;0;0;0;21
2;18;41;31;382;14;0;0;0;0;0;18
2;19;38;31;404;17;0;0;0;0;0;-4
2;20;38;31;426;17;0;0;0;0;0;-47
2;21;39;31;426;18;0;0;0;0;0;-66
2;22;45;31;470;19;0;0;0;0;0;-146
2;23;46;31;492;21;0;0;0;0;0;-204
2;24;47;31;558;22;0;0;0;0;0;-270
2;25;50;31;580;22;0;0;0;0;0;-328
2;26;51;31;580;24;0;0;0;0;0;-328
2;27;55;31;565;24;0;0;0;0;0;-313
2;28;59;31;565;26;0;0;0;0;0;-313
2;29;62;33;587;27;0;0;0;0;0;-377
2;30;66;33;545;28;0;0;0;0;0;-311
2;31;66;34;530;32;0;0;0;0;0;-312
2;32;65;34;530;34;0;0;0;0;0;-324
2;33;63;34;495;37;0;0;0;0;0;-265
2;34;60;34;495;40;0;0;0;0;0;-283
2;35;58;34;477;44;0;0;0;0;0;-265
2;36;61;34;453;45;0;0;0;0;0;-244
2;37;65;34;453;45;0;0;0;0;0;-226
2;38;69;34;453;46;0;0;0;0;0;-213
2;39;71;34;444;49;0;0;0;0;0;-191
2;40;70;34;447;53;0;0;0;0;0;-173
2;41;76;34;450;55;0;0;0;0;0;-130
2;42;82;34;421;56;0;0;0;0;0;-101
2;43;90;34;409;58;0;0;0;0;0;-32
2;44;91;34;397;61;0;0;0;0;0;-20
2;45;94;35;406;63;0;0;0;0;0;-29
2;46;100;35;422;64;0;0;0;0;0;-87
2;47;102;37;422;66;0;0;0;0;0;-62
2;48;109;37;415;69;0;0;0;0;0;-67
2;49;107;37;415;73;0;0;0;0;0;-71
2;50;113;37;417;75;0;0;0;0;0;-61
2;51;117;37;430;80;0;0;0;0;0;-53
2;52;119;37;430;82;0;0;0;0;0;-46
2;53;126;37;456;85;0;0;0;0;0;-76
2;54;130;38;452;87;0;0;0;0;0;-80
2;55;134;39;427;90;0;0;0;0;0;-75
2;56;134;39;427;93;0;0;0;0;0;-79
2;57;139;40;440;96;0;0;0;0;0;-92
2;58;141;40;440;97;0;0;0;0;0;-104
2;59;139;40;423;100;0;0;0;0;0;-71
2;60;144;41;423;103;0;0;0;0;0;-87
2;61;142;41;423;106;0;0;0;0;0;-76
2;62;144;41;423;109;0;0;0;0;0;-68
2;63;147;41;420;113;0;0;0;0;0;-92
2;64;147;41;433;117;0;0;0;0;0;-85
2;65;145;41;446;123;0;0;0;0;0;-102
2;66;148;41;446;127;0;0;0;0;0;-106
2;67;151;42;446;130;0;0;0;0;0;-82
2;68;149;42;431;133;0;0;0;0;0;-67
2;69;146;42;424;137;0;0;0;0;0;-65
2;70;145;43;424;138;0;0;0;0;0;-65
2;71;143;43;437;145;0;0;0;0;0;-60
2;72;146;43;437;147;0;0;0;0;0;-44
2;73;150;43;437;151;0;0;0;0;0;-44
2;74;150;44;447;155;0;0;0;0;0;-54
2;75;153;44;447;160;0;0;0;0;0;-54
2;76;147;44;460;168;0;0;0;0;0;-71
2;77;153;45;473;171;0;0;0;0;0;-84
2;78;167;47;499;173;0;0;0;0;0;-118
2;79;173;48;459;176;0;0;0;0;0;-78
2;80;172;49;485;182;0;0;0;0;0;-104
2;81;176;50;448;185;0;0;0;0;0;-71
2;82;187;51;474;185;0;0;0;0;0;-101
2;83;189;52;474;192;0;0;0;0;0;-109
2;84;193;52;474;197;0;0;0;0;0;-90
2;85;193;52;487;203;0;0;0;0;0;-112
2;86;192;52;487;211;0;0;0;0;0;-109
2;87;200;52;484;215;0;0;0;0;0;-111
2;88;208;53;523;219;0;0;0;0;0;-150
2;89;205;53;508;228;0;0;0;0;0;-147
2;90;204;53;547;236;0;0;0;0;0;-190
2;91;207;53;522;240;0;0;0;0;0;-165
2;92;211;53;482;246;0;0;0;0;0;-109
2;93;220;53;462;251;0;0;0;0;0;-93
2;94;229;53;462;256;0;0;0;0;0;-109
2;95;227;53;462;263;0;0;0;0;0;-89
2;96;230;53;462;273;0;0;0;0;0;-89
2;97;236;54;501;282;0;0;0;0;0;-128
2;98;237;54;477;288;0;0;0;0;0;-88
2;99;246;55;529;292;0;0;0;0;0;-154
2;100;261;56;535;296;0;0;0;0;0;-169
3;1;11;6;400;0;0;0;0;0;0;0
3;2;12;12;384;0;0;0;0;0;0;16
3;3;18;17;364;0;0;0;0;0;0;36
3;4;21;20;364;0;0;0;0;0;0;36
3;5;24;22;364;0;0;0;0;0;0;36
3;6;25;25;340;0;0;0;0;0;0;60
3;7;28;28;324;0;0;0;0;0;0;76
3;8;30;28;324;0;0;0;0;0;0;76
3;9;33;28;344;2;0;0;0;0;0;56
3;10;34;28;349;3;0;0;0;0;0;51
3;11;41;31;349;6;0;0;0;0;0;51
3;12;49;35;386;7;0;0;0;0;0;14
3;13;50;36;386;9;0;0;0;0;0;14
3;14;59;39;400;10;0;0;0;0;0;0
3;15;64;39;370;10;0;0;0;0;0;30
3;16;69;41;374;11;0;0;0;0;0;-10
3;17;68;41;358;12;0;0;0;0;0;6
3;18;73;41;365;12;0;0;0;0;0;-1
3;19;74;41;365;15;0;0;0;0;0;19
3;20;73;41;365;21;0;0;0;0;0;19
3;21;70;41;381;29;0;0;0;0;0;19
3;22;74;42;365;29;0;0;0;0;0;35
3;23;74;42;365;34;0;0;0;0;0;35
3;24;71;42;353;43;0;0;0;0;0;47
3;25;72;42;359;44;0;0;0;0;0;-31
3;26;73;42;359;47;0;0;0;0;0;-70
3;27;78;42;359;48;0;0;0;0;0;-70
3;28;79;42;349;54;0;0;0;0;0;-60
3;29;86;42;304;55;0;0;0;0;0;1
3;30;84;43;322;59;0;0;0;0;0;-17
3;31;84;44;322;62;0;0;0;0;0;-17
3;32;88;44;328;66;0;0;0;0;0;-23
3;33;89;44;334;71;0;0;0;0;0;18
3;34;95;44;340;71;0;0;0;0;0;12
3;35;94;44;314;75;0;0;0;0;0;38
3;36;92;44;239;79;0;0;0;0;0;77
3;37;95;45;215;80;0;0;0;0;0;65
3;38;97;45;222;84;0;0;0;0;0;94
3;39;93;45;190;90;0;0;0;0;0;166
3;40;93;45;165;94;0;0;0;0;0;185
3;41;94;45;177;97;0;0;0;0;0;101
3;42;90;45;147;103;0;0;0;0;0;95
3;43;87;45;105;111;0;0;0;0;0;137
3;44;85;45;111;117;0;0;0;0;0;131
3;45;93;45;111;121;0;0;0;0;0;166
3;46;96;45;81;126;0;0;0;0;0;208
3;47;94;45;81;131;0;0;0;0;0;204
3;48;95;45;56;133;0;0;0;0;0;229
3;49;98;45;56;137;0;0;0;0;0;245
3;50;97;46;48;141;0;0;0;0;0;253
3;51;99;46;24;142;0;0;0;0;0;309
3;52;99;47;31;149;0;0;0;0;0;347
3;53;100;47;38;154;0;0;0;0;0;360
3;54;99;47;29;162;0;0;0;0;0;369
3;55;100;47;38;166;0;0;0;0;0;342
3;56;107;47;44;168;0;0;0;0;0;356
3;57;106;47;51;175;0;0;0;0;0;333
3;58;104;47;39;182;0;0;0;0;0;331
3;59;105;47;11;185;0;0;0;0;0;359
3;60;106;47;11;188;0;0;0;0;0;359
3;61;107;48;11;190;0;0;0;0;0;384
3;62;109;48;11;195;0;0;0;0;0;375
3;63;104;48;11;204;0;0;0;0;0;372
3;64;111;48;11;206;0;0;0;0;0;372
3;65;118;49;11;213;0;0;0;0;0;369
3;66;125;50;17;218;0;0;0;0;0;375
3;67;127;51;7;221;0;0;0;0;0;382
3;68;125;51;7;225;0;0;0;0;0;382
3;69;132;51;16;229;0;0;0;0;0;373
3;70;131;51;23;233;0;0;0;0;0;366
3;71;134;51;23;236;0;0;0;0;0;375
3;72;133;52;10;242;0;0;0;0;0;361
3;73;133;53;17;250;0;0;0;0;0;374
3;74;136;54;1;257;0;0;0;0;0;387
3;75;135;54;15;265;0;0;0;0;0;373
3;76;133;54;22;272;0;0;0;0;0;366
3;77;131;54;7;281;0;0;0;0;0;381
3;78;132;54;21;291;0;0;0;0;0;367
3;79;142;54;21;294;0;0;0;0;0;367
3;80;147;54;21;300;0;0;0;0;0;337
3;81;147;55;21;306;0;0;0;0;0;367
3;82;142;55;28;315;0;0;0;0;0;360
3;83;143;55;14;323;0;0;0;0;0;347
3;84;147;56;5;326;0;0;0;0;0;356
3;85;145;57;13;336;0;0;0;0;0;368
3;86;153;57;13;341;0;0;0;0;0;384
3;87;147;57;13;351;0;0;0;0;0;384
3;88;152;58;13;355;0;0;0;0;0;384
3;89;154;58;36;359;0;0;0;0;0;346
3;90;155;59;6;364;0;0;0;0;0;322
3;91;158;59;6;370;0;0;0;0;0;295
3;92;155;60;6;382;0;0;0;0;0;320
3;93;153;60;6;395;0;0;0;0;0;320
3;94;156;60;6;403;0;0;0;0;0;370
3;95;155;60;6;414;0;0;0;0;0;343
3;96;156;60;6;420;0;0;0;0;0;343
3;97;157;60;25;424;0;0;0;0;0;324
3;98;158;60;17;430;0;0;0;0;0;352
3;99;160;60;17;439;0;0;0;0;0;349
3;100;161;60;17;447;0;0;0;0;0;365
4;1;10;6;400;0;0;0;0;0;0;0
4;2;12;9;393;0;0;0;0;0;0;7
4;3;16;9;393;0;0;0;0;0;0;7
4;4;19;15;390;0;0;0;0;0;0;10
4;5;24;22;374;0;0;0;0;0;0;26
4;6;27;24;354;0;0;0;0;0;0;46
4;7;32;26;357;0;0;0;0;0;0;43
4;8;37;26;357;0;0;0;0;0;0;43
4;9;39;27;357;1;0;0;0;0;0;43
4;10;44;28;313;2;0;0;0;0;0;87
4;11;52;29;315;2;0;0;0;0;0;85
4;12;48;29;315;6;0;0;0;0;0;85
4;13;53;30;293;7;0;0;0;0;0;71
4;14;55;35;268;9;0;0;0;0;0;96
4;15;55;36;283;12;0;0;0;0;0;45
4;16;57;36;283;13;0;0;0;0;0;45
4;17;61;37;321;13;0;0;0;0;45;7
4;18;61;38;252;18;0;0;0;0;110;76
4;19;63;38;270;20;0;0;0;0;170;58
4;20;67;39;270;23;0;0;0;0;240;58
4;21;72;42;275;23;0;0;0;0;285;5
4;22;75;43;287;24;0;0;0;0;285;-22
4;23;75;44;256;29;0;0;0;0;285;9
4;24;78;44;256;33;0;0;0;0;310;9
4;25;84;44;224;35;0;0;0;0;310;29
4;26;90;45;224;35;0;0;0;0;310;29
4;27;93;46;224;36;0;0;0;0;310;19
4;28;95;47;203;39;0;0;0;0;310;83
4;29;91;47;203;48;0;0;0;0;310;47
4;30;89;47;179;54;0;0;0;0;310;83
4;31;91;47;171;58;0;0;0;0;310;91
4;32;95;48;147;61;0;0;0;0;310;115
4;33;97;48;143;65;0;0;0;0;310;193
4;34;103;49;151;67;0;0;0;0;310;131
4;35;104;49;151;70;0;0;0;0;310;131
4;36;102;49;134;77;0;0;0;0;310;197
4;37;101;49;113;83;0;0;0;0;310;238
4;38;100;49;113;87;0;0;0;0;310;232
4;39;100;49;113;90;0;0;0;0;310;225
4;40;103;49;113;94;0;0;0;0;310;219
4;41;105;50;113;98;0;0;0;0;310;222
4;42;112;50;89;103;0;0;0;0;310;299
4;43;115;51;89;105;0;0;0;0;310;329
4;44;111;51;89;116;0;0;0;0;310;317
4;45;117;52;89;119;0;0;0;0;310;342
4;46;118;53;89;123;0;0;0;0;310;372
4;47;121;53;64;126;0;0;0;0;310;397
4;48;125;54;64;129;0;0;0;0;310;427
4;49;128;54;54;136;0;0;0;0;325;472
4;50;133;54;53;139;0;0;0;0;330;514
4;51;136;55;57;144;0;0;0;0;330;524
4;52;132;55;31;149;0;0;0;0;340;544
4;53;125;55;56;160;0;0;0;0;350;529
4;54;126;55;61;165;0;0;0;0;350;549
4;55;126;55;36;174;0;0;0;0;350;574
4;56;133;55;11;177;0;0;0;0;350;595
4;57;134;55;11;181;0;0;0;0;350;599
4;58;136;55;11;188;0;0;0;0;350;637
4;59;139;55;16;192;0;0;0;0;350;615
4;60;144;55;16;197;0;0;0;0;350;645
4;61;142;55;16;201;0;0;0;0;350;645
4;62;145;55;6;203;0;0;0;0;355;660
4;63;150;56;10;209;0;0;0;0;355;656
4;64;153;56;10;212;0;0;0;0;355;656
4;65;152;57;10;220;0;0;0;0;355;681
4;66;156;58;15;225;0;0;0;0;355;668
4;67;158;59;20;232;0;0;0;0;355;655
4;68;163;60;20;236;0;0;0;0;355;647
4;69;161;61;20;245;0;0;0;0;355;647
4;70;167;62;25;255;0;0;0;0;355;670
4;71;163;62;10;261;0;0;0;0;355;669
4;72;169;63;16;264;0;0;0;0;355;663
4;73;170;63;16;271;0;0;0;0;355;663
4;74;169;63;23;278;0;0;0;0;355;680
4;75;173;63;23;285;0;0;0;0;355;722
4;76;166;63;43;297;0;0;0;0;355;702
4;77;170;64;43;305;0;0;0;0;355;695
4;78;177;65;43;310;0;0;0;0;355;688
4;79;183;67;43;320;0;0;0;0;360;710
4;80;184;68;23;327;0;0;0;0;360;723
4;81;188;68;11;333;0;0;0;0;360;708
4;82;189;70;11;341;0;0;0;0;360;708
4;83;190;71;25;348;0;0;0;0;360;694
4;84;196;71;25;354;0;0;0;0;360;718
4;85;195;72;16;366;0;0;0;0;360;727
4;86;193;73;30;376;0;0;0;0;360;713
4;87;191;73;30;386;0;0;0;0;360;713
4;88;191;73;14;395;0;0;0;0;360;732
4;89;192;73;22;404;0;0;0;0;360;697
4;90;199;73;18;413;0;0;0;0;360;726
4;91;202;75;18;420;0;0;0;0;360;699
4;92;212;77;25;430;0;0;0;0;360;692
4;93;221;79;32;439;0;0;0;0;360;685
4;94;222;81;16;448;0;0;0;0;360;701
4;95;228;82;20;456;0;0;0;0;360;697
4;96;226;83;20;466;0;0;0;0;360;697
4;97;237;84;20;470;0;0;0;0;360;697
4;98;239;85;7;485;0;0;0;0;360;710
4;99;245;86;7;495;0;0;0;0;360;710
4;100;244;87;7;509;0;0;0;0;360;710
5;1;9;5;400;0;0;0;0;0;0;0
5;2;11;9;400;0;0;0;0;0;0;0
5;3;14;11;400;0;0;0;0;0;0;0
5;4;19;16;400;0;0;0;0;0;0;0
5;5;21;20;380;0;0;0;0;0;0;20
5;6;25;22;403;0;0;0;0;0;0;-3
5;7;25;22;403;0;0;0;0;0;0;-3
5;8;26;25;406;1;0;0;0;0;0;-6
5;9;29;28;412;1;0;0;0;0;0;-12
5;10;28;28;412;3;0;0;0;0;0;-12
5;11;32;28;392;4;0;0;0;0;0;8
5;12;32;28;404;6;0;0;0;0;0;-4
5;13;34;28;404;8;0;0;0;0;0;-4
5;14;35;28;404;10;0;0;0;0;0;-4
5;15;40;28;406;12;0;0;0;0;0;-6
5;16;47;29;406;13;0;0;0;0;0;-6
5;17;50;31;406;14;0;0;0;0;0;-42
5;18;54;32;409;14;0;0;0;0;0;-45
5;19;57;33;412;14;0;0;0;0;0;-59
5;20;61;35;411;15;0;0;0;0;0;-48
5;21;63;35;422;17;0;0;0;0;0;-95
5;22;64;36;450;19;0;0;0;0;0;-98
5;23;62;36;418;23;0;0;0;0;0;-66
5;24;63;36;436;25;0;0;0;0;0;-95
5;25;63;36;436;29;0;0;0;0;0;-95
5;26;65;36;457;30;0;0;0;0;0;-116
5;27;65;36;457;33;0;0;0;0;0;-106
5;28;65;36;457;36;0;0;0;0;0;-106
5;29;64;36;432;40;0;0;0;0;0;-80
5;30;63;36;432;41;0;0;0;0;0;-83
5;31;67;36;449;41;0;0;0;0;0;-68
5;32;67;36;449;43;0;0;0;0;0;-74
5;33;69;36;468;44;0;0;0;0;0;-83
5;34;71;36;502;46;0;0;0;0;0;-120
5;35;67;36;553;48;0;0;0;0;0;-174
5;36;71;36;533;51;0;0;0;0;0;-158
5;37;72;36;500;53;0;0;0;0;0;-128
5;38;75;36;556;57;0;0;0;0;0;-163
5;39;79;36;584;59;0;0;0;0;0;-191
5;40;76;36;543;62;0;0;0;0;0;-150
5;41;78;36;519;62;0;0;0;0;0;-129
5;42;69;36;533;68;0;0;0;0;0;-143
5;43;67;36;521;69;0;0;0;0;0;-131
5;44;69;36;509;73;0;0;0;0;0;-119
5;45;67;36;523;76;0;0;0;0;0;-139
5;46;66;36;537;79;0;0;0;0;0;-159
5;47;62;36;537;86;0;0;0;0;0;-162
5;48;58;36;551;91;0;0;0;0;0;-156
5;49;58;36;533;94;0;0;0;0;0;-138
5;50;59;36;483;96;0;0;0;0;0;-88
5;51;60;36;458;99;0;0;0;0;0;-63
5;52;62;36;446;100;0;0;0;0;0;-55
5;53;66;36;434;101;0;0;0;0;0;-55
5;54;68;37;434;104;0;0;0;0;0;-39
5;55;68;37;408;109;0;0;0;0;0;-17
5;56;70;38;388;111;0;0;0;0;0;3
5;57;68;38;364;116;0;0;0;0;0;24
5;58;68;39;338;117;0;0;0;0;0;50
5;59;68;39;318;121;0;0;0;0;0;67
5;60;71;39;321;123;0;0;0;0;0;61
5;61;78;41;321;127;0;0;0;0;0;58
5;62;77;42;321;129;0;0;0;0;0;58
5;63;84;43;301;132;0;0;0;0;0;72
5;64;86;44;305;136;0;0;0;0;0;80
5;65;84;44;305;141;0;0;0;0;0;80
5;66;81;44;313;146;0;0;0;0;0;69
5;67;78;44;313;152;0;0;0;0;0;69
5;68;81;44;313;153;0;0;0;0;0;69
5;69;81;44;297;156;0;0;0;0;0;82
5;70;76;44;301;161;0;0;0;0;0;75
5;71;74;44;281;167;0;0;0;0;0;95
5;72;74;44;261;171;0;0;0;0;0;115
5;73;72;44;261;176;0;0;0;0;0;115
5;74;78;44;261;181;0;0;0;0;0;115
5;75;79;44;261;185;0;0;0;0;0;115
5;76;76;44;261;191;0;0;0;0;0;115
5;77;79;45;261;193;0;0;0;0;0;115
5;78;83;46;183;194;0;0;0;0;0;193
5;79;80;46;183;199;0;0;0;0;0;193
5;80;79;46;168;204;0;0;0;0;0;208
5;81;82;46;168;205;0;0;0;0;0;208
5;82;82;46;172;209;0;0;0;0;0;204
5;83;77;46;176;215;0;0;0;0;0;200
5;84;76;46;180;223;0;0;0;0;0;196
5;85;76;46;147;225;0;0;0;0;0;229
5;86;83;46;141;230;0;0;0;0;0;235
5;87;87;47;114;234;0;0;0;0;0;262
5;88;87;47;99;241;0;0;0;0;0;277
5;89;92;48;110;242;0;0;0;0;0;266
5;90;100;50;110;246;0;0;0;0;0;266
5;91;98;50;79;252;0;0;0;0;0;297
5;92;96;50;55;258;0;0;0;0;0;321
5;93;97;50;55;262;0;0;0;0;0;321
5;94;96;50;59;269;0;0;0;0;0;317
5;95;91;50;67;277;0;0;0;0;0;309
5;96;94;50;71;281;0;0;0;0;0;305
5;97;96;50;55;286;0;0;0;0;0;321
5;98;97;50;40;293;0;0;0;0;0;336
5;99;100;50;44;298;0;0;0;0;0;332
5;100;106;52;49;300;0;0;0;0;0;327
6;1;9;3;403;0;0;0;0;0;0;-3
6;2;11;4;403;0;0;0;0;0;0;-3
6;3;14;5;403;0;0;0;0;0;0;-3
6;4;16;5;403;0;0;0;0;0;0;-3
6;5;19;6;403;1;0;0;0;0;0;-3
6;6;22;9;403;2;0;0;0;0;0;-3
6;7;23;10;413;2;0;0;0;0;0;-13
6;8;22;12;413;5;0;0;0;0;0;-13
6;9;26;14;397;5;0;0;0;0;0;3
6;10;28;19;353;7;0;0;0;0;0;47
6;11;30;22;353;8;0;0;0;0;0;47
6;12;30;23;353;12;0;0;0;0;0;47
6;13;32;23;341;13;0;0;0;0;0;59
6;14;33;24;360;14;0;0;0;0;0;40
6;15;34;24;379;14;0;0;0;0;0;21
6;16;40;25;355;14;0;0;0;0;0;45
6;17;39;25;307;16;0;0;0;0;0;93
6;18;39;25;307;20;0;0;0;0;0;93
6;19;43;26;307;21;0;0;0;0;0;93
6;20;47;26;272;23;0;0;0;0;0;128
6;21;51;27;272;24;0;0;0;0;0;128
6;22;53;28;272;26;0;0;0;0;0;128
6;23;56;28;291;27;0;0;0;0;0;107
6;24;56;28;310;29;0;0;0;0;0;67
6;25;60;29;329;31;0;0;0;0;0;48
6;26;60;29;317;31;0;0;0;0;0;47
6;27;63;29;336;32;0;0;0;0;0;28
6;28;62;30;354;36;0;0;0;0;0;46
6;29;62;33;378;39;0;0;0;0;40;62
6;30;64;34;373;44;0;0;0;0;40;67
6;31;63;34;373;48;0;0;0;0;40;67
6;32;66;34;372;51;0;0;0;0;40;68
6;33;72;35;372;52;0;0;0;0;40;68
6;34;71;35;373;55;0;0;0;0;40;67
6;35;68;35;373;59;0;0;0;0;40;67
6;36;72;35;392;61;0;0;0;0;40;48
6;37;71;35;391;65;0;0;0;0;40;49
6;38;67;35;391;73;0;0;0;0;40;49
6;39;72;36;391;78;0;0;0;0;40;49
6;40;70;36;391;84;0;0;0;0;40;49
6;41;68;36;365;88;0;0;0;0;40;75
6;42;69;36;311;93;0;0;0;0;40;129
6;43;70;36;255;96;0;0;0;0;40;185
6;44;68;36;263;101;0;0;0;0;40;177
6;45;77;37;255;102;0;0;0;0;40;185
6;46;76;37;259;105;0;0;0;0;40;181
6;47;76;37;267;106;0;0;0;0;40;173
6;48;75;38;243;108;0;0;0;0;40;197
6;49;70;38;243;113;0;0;0;0;40;197
6;50;67;39;227;119;0;0;0;0;40;213
6;51;65;40;195;124;0;0;0;0;40;245
6;52;64;40;195;128;0;0;0;0;40;245
6;53;62;41;163;133;0;0;0;0;40;277
6;54;63;41;167;135;0;0;0;0;40;273
6;55;60;42;155;140;0;0;0;0;40;285
6;56;58;43;139;143;0;0;0;0;40;301
6;57;61;43;151;146;0;0;0;0;40;289
6;58;57;44;155;154;0;0;0;0;40;285
6;59;60;44;125;156;0;0;0;0;40;315
6;60;59;44;130;163;0;0;0;0;40;310
6;61;59;44;102;167;0;0;0;0;40;338
6;62;60;44;88;170;0;0;0;0;40;352
6;63;60;44;72;174;0;0;0;0;40;368
6;64;59;44;81;178;0;0;0;0;40;359
6;65;62;44;69;182;0;0;0;0;40;371
6;66;65;44;63;182;0;0;0;0;40;377
6;67;59;44;63;189;0;0;0;0;40;377
6;68;60;44;13;192;0;0;0;0;40;427
6;69;59;44;17;198;0;0;0;0;40;423
6;70;58;44;24;203;0;0;0;0;40;416
6;71;55;44;8;208;0;0;0;0;40;432
6;72;56;44;12;211;0;0;0;0;40;428
6;73;59;44;12;214;0;0;0;0;40;428
6;74;64;44;12;218;0;0;0;0;40;428
6;75;68;44;17;218;0;0;0;0;40;423
6;76;71;44;21;221;0;0;0;0;40;419
6;77;73;44;21;225;0;0;0;0;40;419
6;78;73;44;25;229;0;0;0;0;40;415
6;79;72;44;17;234;0;0;0;0;40;423
6;80;71;44;17;237;0;0;0;0;40;423
6;81;72;44;17;240;0;0;0;0;40;423
6;82;73;44;17;243;0;0;0;0;40;423
6;83;67;44;17;251;0;0;0;0;40;423
6;84;72;44;1;255;0;0;0;0;40;439
6;85;71;44;1;258;0;0;0;0;40;439
6;86;75;44;1;262;0;0;0;0;40;439
6;87;79;45;1;267;0;0;0;0;40;439
6;88;82;46;1;269;0;0;0;0;40;439
6;89;85;46;1;271;0;0;0;0;40;439
6;90;84;46;1;274;0;0;0;0;40;439
6;91;83;46;1;278;0;0;0;0;40;439
6;92;86;47;1;282;0;0;0;0;40;439
6;93;83;47;11;287;0;0;0;0;40;429
6;94;82;47;11;291;0;0;0;0;40;429
6;95;86;47;15;297;0;0;0;0;40;425
6;96;86;47;15;304;0;0;0;0;40;425
6;97;91;48;19;309;0;0;0;0;40;421
6;98;90;48;19;313;0;0;0;0;40;421
6;99;90;48;23;316;0;0;0;0;40;417
6;100;93;48;23;320;0;0;0;0;40;417
7;1;9;4;403;0;0;0;0;0;0;-3
7;2;15;11;403;0;0;0;0;0;0;-3
7;3;21;17;403;0;0;0;0;0;0;-3
7;4;30;20;407;0;0;0;0;0;0;-7
7;5;36;26;410;0;0;0;0;0;0;-10
7;6;41;29;430;0;0;0;0;0;0;-30
7;7;48;31;429;0;0;0;0;0;0;-29
7;8;50;33;417;0;0;0;0;0;0;-17
7;9;50;33;420;1;0;0;0;0;0;-20
7;10;54;34;431;1;0;0;0;0;0;-31
7;11;49;34;410;6;0;0;0;0;5;-10
7;12;50;34;378;8;0;0;0;0;5;22
7;13;45;34;371;13;0;0;0;0;10;29
7;14;48;34;359;14;0;0;0;0;25;5
7;15;46;34;334;18;0;0;0;0;30;30
7;16;52;34;334;18;0;0;0;0;35;-6
7;17;55;37;309;21;0;0;0;0;35;19
7;18;60;38;328;23;0;0;0;0;35;0
7;19;60;38;278;26;0;0;0;0;40;50
7;20;59;38;248;30;0;0;0;0;85;80
7;21;64;38;307;30;0;0;0;0;130;3
7;22;60;38;262;39;0;0;0;0;130;64
7;23;59;38;282;43;0;0;0;0;130;28
7;24;59;38;255;45;0;0;0;0;130;79
7;25;60;38;255;47;0;0;0;0;130;43
7;26;58;38;196;49;0;0;0;0;130;102
7;27;57;38;196;54;0;0;0;0;130;115
7;28;56;38;172;56;0;0;0;0;130;115
7;29;58;38;187;58;0;0;0;0;150;140
7;30;60;38;211;59;0;0;0;0;215;128
7;31;60;38;214;62;0;0;0;0;240;125
7;32;61;38;187;65;0;0;0;0;240;107
7;33;60;38;155;67;0;0;0;0;240;163
7;34;55;38;158;71;0;0;0;0;240;124
7;35;53;38;133;74;0;0;0;0;255;77
7;36;56;38;133;76;0;0;0;0;285;77
7;37;51;38;136;82;0;0;0;0;340;238
7;38;49;38;136;86;0;0;0;0;365;274
7;39;52;38;142;87;0;0;0;0;365;256
7;40;52;38;145;89;0;0;0;0;365;242
7;41;52;38;149;91;0;0;0;0;365;233
7;42;51;38;133;92;0;0;0;0;365;244
7;43;48;38;149;95;0;0;0;0;365;223
7;44;48;38;181;100;0;0;0;0;365;191
7;45;46;38;141;103;0;0;0;0;365;279
7;46;43;38;87;108;0;0;0;0;365;339
7;47;41;38;72;111;0;0;0;0;395;373
7;48;44;38;72;112;0;0;0;0;440;362
7;49;42;38;17;113;0;0;0;0;440;417
7;50;43;39;22;114;0;0;0;0;445;467
7;51;46;39;18;115;0;0;0;0;445;529
7;52;45;39;34;117;0;0;0;0;445;532
7;53;45;39;14;118;0;0;0;0;445;568
7;54;50;39;30;121;0;0;0;0;445;568
7;55;50;39;46;122;0;0;0;0;445;600
7;56;48;39;11;126;0;0;0;0;445;624
7;57;49;39;10;128;0;0;0;0;445;625
7;58;51;39;10;128;0;0;0;0;445;619
7;59;50;39;10;128;0;0;0;0;445;614
7;60;46;39;10;133;0;0;0;0;445;620
7;61;49;39;10;135;0;0;0;0;450;635
7;62;44;39;10;138;0;0;0;0;450;625
7;63;49;39;10;139;0;0;0;0;450;620
7;64;51;39;28;142;0;0;0;0;450;622
7;65;55;39;12;142;0;0;0;0;450;641
7;66;57;39;27;144;0;0;0;0;450;621
7;67;54;39;27;148;0;0;0;0;450;616
7;68;59;39;22;150;0;0;0;0;450;621
7;69;61;39;2;150;0;0;0;0;450;636
7;70;64;39;2;150;0;0;0;0;450;636
7;71;64;39;17;151;0;0;0;0;450;616
7;72;64;39;32;153;0;0;0;0;450;586
7;73;63;39;32;156;0;0;0;0;450;586
7;74;63;39;32;159;0;0;0;0;450;581
7;75;59;39;2;162;0;0;0;0;450;582
7;76;62;39;5;162;0;0;0;0;450;597
7;77;69;39;5;163;0;0;0;0;450;592
7;78;72;39;7;165;0;0;0;0;450;590
7;79;82;39;22;168;0;0;0;0;450;575
7;80;89;41;13;171;0;0;0;0;450;603
7;81;89;43;28;173;0;0;0;0;450;583
7;82;95;43;3;174;0;0;0;0;450;652
7;83;98;45;7;175;0;0;0;0;450;648
7;84;100;46;7;179;0;0;0;0;450;648
7;85;104;46;7;181;0;0;0;0;450;648
7;86;103;47;11;186;0;0;0;0;450;639
7;87;107;47;11;191;0;0;0;0;450;659
7;88;109;47;11;197;0;0;0;0;450;693
7;89;108;47;11;204;0;0;0;0;450;717
7;90;112;48;15;208;0;0;0;0;450;715
7;91;116;48;18;212;0;0;0;0;450;737
7;92;115;49;26;218;0;0;0;0;450;768
7;93;118;49;10;221;0;0;0;0;455;800
7;94;128;51;27;223;0;0;0;0;455;778
7;95;136;54;27;224;0;0;0;0;455;778
7;96;136;54;2;228;0;0;0;0;455;793
7;97;140;54;2;232;0;0;0;0;455;793
7;98;139;55;2;241;0;0;0;0;455;811
7;99;135;55;7;249;0;0;0;0;455;806
7;100;142;55;7;252;0;0;0;0;455;794
8;1;9;6;400;0;0;0;0;0;0;0
8;2;14;7;400;0;0;0;0;0;0;0
8;3;20;9;400;0;0;0;0;0;0;0
8;4;25;18;376;0;0;0;0;0;0;24
8;5;26;23;364;0;0;0;0;0;0;36
8;6;30;25;367;0;0;0;0;0;0;33
8;7;36;25;370;0;0;0;0;0;0;27
8;8;42;27;394;0;0;0;0;0;0;3
8;9;43;27;394;0;0;0;0;0;0;3
8;10;44;27;370;3;0;0;0;0;0;27
8;11;49;28;347;4;0;0;0;0;0;50
8;12;49;29;287;4;0;0;0;0;0;110
8;13;49;30;287;9;0;0;0;0;0;110
8;14;52;33;239;10;0;0;0;0;0;158
8;15;54;35;239;10;0;0;0;0;0;158
8;16;59;37;219;14;0;0;0;0;0;178
8;17;61;38;194;14;0;0;0;0;0;139
8;18;64;39;182;15;0;0;0;0;0;151
8;19;62;39;152;18;0;0;0;0;0;181
8;20;59;39;219;23;0;0;0;0;0;181
8;21;61;41;199;25;0;0;0;0;0;201
8;22;60;41;175;27;0;0;0;0;0;225
8;23;60;41;155;31;0;0;0;0;0;245
8;24;58;41;155;35;0;0;0;0;0;245
8;25;59;41;170;41;0;0;0;0;0;230
8;26;59;41;165;44;0;0;0;0;0;235
8;27;63;41;180;46;0;0;0;0;0;220
8;28;63;41;175;50;0;0;0;0;0;225
8;29;62;41;141;52;0;0;0;0;0;259
8;30;62;41;141;52;0;0;0;0;0;223
8;31;62;41;147;55;0;0;0;0;0;237
8;32;61;41;147;56;0;0;0;0;0;237
8;33;60;41;162;60;0;0;0;0;0;222
8;34;60;41;149;63;0;0;0;0;0;235
8;35;57;41;164;69;0;0;0;0;0;200
8;36;55;41;154;76;0;0;0;0;0;210
8;37;57;41;154;79;0;0;0;0;0;197
8;38;60;41;184;85;0;0;0;0;0;167
8;39;63;41;194;86;0;0;0;0;0;193
8;40;68;41;194;88;0;0;0;0;0;179
8;41;71;41;194;89;0;0;0;0;0;203
8;42;76;41;172;90;0;0;0;0;0;225
8;43;81;41;178;93;0;0;0;0;0;205
8;44;86;41;178;99;0;0;0;0;0;205
8;45;90;41;178;100;0;0;0;0;0;205
8;46;93;42;154;104;0;0;0;0;0;229
8;47;95;42;157;109;0;0;0;0;0;226
8;48;96;42;140;112;0;0;0;0;0;239
8;49;99;42;140;115;0;0;0;0;0;236
8;50;104;42;128;118;0;0;0;0;0;244
8;51;105;42;131;125;0;0;0;0;0;241
8;52;109;42;111;129;0;0;0;0;0;249
8;53;113;43;111;132;0;0;0;0;0;243
8;54;119;44;114;137;0;0;0;0;0;240
8;55;114;44;117;145;0;0;0;0;0;197
8;56;117;44;117;146;0;0;0;0;0;190
8;57;118;44;120;148;0;0;0;0;0;151
8;58;125;44;105;152;0;0;0;0;0;178
8;59;125;44;84;156;0;0;0;0;0;148
8;60;121;44;68;161;0;0;0;0;0;155
8;61;125;44;52;165;0;0;0;0;0;151
8;62;124;44;40;171;0;0;0;0;0;165
8;63;125;44;44;174;0;0;0;0;0;150
8;64;121;44;48;183;0;0;0;0;0;146
8;65;121;44;48;184;0;0;0;0;0;178
8;66;126;44;48;186;0;0;0;0;0;173
8;67;129;44;48;188;0;0;0;0;0;209
8;68;131;44;48;194;0;0;0;0;0;227
8;69;130;44;4;201;0;0;0;0;0;271
8;70;125;44;4;206;0;0;0;0;0;263
8;71;127;44;4;208;0;0;0;0;0;253
8;72;126;44;4;214;0;0;0;0;0;250
8;73;127;44;4;218;0;0;0;0;0;249
8;74;127;44;8;219;0;0;0;0;0;259
8;75;133;44;8;220;0;0;0;0;0;255
8;76;131;44;8;221;0;0;0;0;0;275
8;77;137;44;12;223;0;0;0;0;0;283
8;78;136;44;21;228;0;0;0;0;0;274
8;79;146;44;10;233;0;0;0;0;0;296
8;80;149;44;10;235;0;0;0;0;0;303
8;81;156;44;14;238;0;0;0;0;0;274
8;82;170;44;14;240;0;0;0;0;0;286
8;83;174;44;14;242;0;0;0;0;0;342
8;84;181;44;14;242;0;0;0;0;0;342
8;85;186;44;14;247;0;0;0;0;0;342
8;86;179;44;23;253;0;0;0;0;0;324
8;87;181;44;7;258;0;0;0;0;0;346
8;88;192;44;7;259;0;0;0;0;0;373
8;89;194;44;11;266;0;0;0;0;0;364
8;90;204;44;15;267;0;0;0;0;0;351
8;91;204;44;15;274;0;0;0;0;0;359
8;92;211;44;25;276;0;0;0;0;0;361
8;93;219;45;15;278;0;0;0;0;0;349
8;94;223;45;3;282;0;0;0;0;0;369
8;95;235;45;3;284;0;0;0;0;0;363
8;96;241;47;3;286;0;0;0;0;0;363
8;97;250;48;7;293;0;0;0;0;0;359
8;98;257;49;7;296;0;0;0;0;0;345
8;99;261;49;7;303;0;0;0;0;0;376
8;100;270;50;7;306;0;0;0;0;0;376
9;1;12;6;384;0;0;0;0;0;0;16
9;2;16;7;376;0;0;0;0;0;0;24
9;3;22;10;356;0;0;0;0;0;0;44
9;4;26;15;340;0;0;0;0;0;0;60
9;5;30;21;324;0;0;0;0;0;0;76
9;6;32;23;300;0;0;0;0;0;0;100
9;7;38;23;300;0;0;0;0;0;0;100
9;8;40;23;300;0;0;0;0;0;0;100
9;9;47;23;303;1;0;0;0;0;0;85
9;10;50;24;303;2;0;0;0;0;0;85
9;11;48;24;303;3;0;0;0;0;0;56
9;12;47;25;299;7;0;0;0;0;0;52
9;13;50;25;291;8;0;0;0;0;0;60
9;14;53;25;294;10;0;0;0;0;0;21
9;15;57;26;310;10;0;0;0;0;0;-6
9;16;58;26;295;10;0;0;0;0;0;6
9;17;57;27;295;12;0;0;0;0;0;6
9;18;59;27;311;16;0;0;0;0;0;5
9;19;62;28;327;16;0;0;0;0;0;-11
9;20;58;29;318;20;0;0;0;0;0;-2
9;21;60;30;318;20;0;0;0;0;0;-14
9;22;61;31;318;23;0;0;0;0;0;-26
9;23;56;34;306;28;0;0;0;0;0;0
9;24;57;35;262;32;0;0;0;0;0;44
9;25;56;35;250;36;0;0;0;0;0;69
9;26;49;35;230;45;0;0;0;0;0;89
9;27;52;35;218;46;0;0;0;0;0;101
9;28;54;35;203;47;0;0;0;0;0;116
9;29;50;35;183;49;0;0;0;0;0;139
9;30;50;35;122;51;0;0;0;0;0;200
9;31;51;35;122;54;0;0;0;0;0;187
9;32;53;35;132;57;0;0;0;0;0;189
9;33;50;35;142;60;0;0;0;0;0;175
9;34;50;35;126;61;0;0;0;0;0;187
9;35;46;35;120;64;0;0;0;0;0;187
9;36;44;35;116;66;0;0;0;0;0;188
9;37;43;35;165;67;0;0;0;0;0;159
9;38;44;35;165;70;0;0;0;0;0;156
9;39;40;35;175;75;0;0;0;0;0;146
9;40;47;35;175;78;0;0;0;0;0;146
9;41;46;35;95;79;0;0;0;0;0;226
9;42;48;35;95;81;0;0;0;0;0;223
9;43;48;35;65;84;0;0;0;0;0;253
9;44;54;35;65;85;0;0;0;0;0;253
9;45;57;36;65;86;0;0;0;0;0;250
9;46;55;36;49;90;0;0;0;0;0;263
9;47;56;36;49;92;0;0;0;0;0;260
9;48;58;36;41;92;0;0;0;0;0;268
9;49;55;36;41;95;0;0;0;0;0;284
9;50;56;36;26;95;0;0;0;0;0;299
9;51;53;36;5;98;0;0;0;0;0;317
9;52;53;36;21;98;0;0;0;0;0;301
9;53;55;36;21;101;0;0;0;0;0;301
9;54;51;36;1;107;0;0;0;0;0;313
9;55;56;36;1;111;0;0;0;0;0;313
9;56;54;36;1;114;0;0;0;0;0;310
9;57;57;36;13;116;0;0;0;0;0;298
9;58;59;36;21;117;0;0;0;0;0;301
9;59;62;36;1;119;0;0;0;0;0;314
9;60;62;36;16;122;0;0;0;0;0;295
9;61;67;36;20;125;0;0;0;0;0;288
9;62;73;36;39;125;0;0;0;0;0;265
9;63;74;36;39;128;0;0;0;0;0;261
9;64;74;36;58;129;0;0;0;0;0;242
9;65;73;36;77;131;0;0;0;0;0;196
9;66;74;37;96;131;0;0;0;0;0;166
9;67;76;38;66;134;0;0;0;0;0;199
9;68;77;39;84;139;0;0;0;0;0;154
9;69;75;39;59;143;0;0;0;0;0;179
9;70;72;39;58;148;0;0;0;0;0;180
9;71;75;39;57;151;0;0;0;0;0;221
9;72;77;39;57;154;0;0;0;0;0;194
9;73;76;39;114;159;0;0;0;0;0;110
9;74;77;39;133;162;0;0;0;0;0;91
9;75;77;40;152;165;0;0;0;0;0;88
9;76;80;41;151;168;0;0;0;0;0;62
9;77;86;42;151;172;0;0;0;0;0;77
9;78;89;42;151;176;0;0;0;0;0;62
9;79;93;43;106;177;0;0;0;0;0;137
9;80;93;43;113;181;0;0;0;0;0;154
9;81;94;44;113;186;0;0;0;0;0;154
9;82;97;44;151;191;0;0;0;0;0;89
9;83;92;44;135;198;0;0;0;0;0;141
9;84;93;44;154;202;0;0;0;0;0;120
9;85;93;44;132;206;0;0;0;0;0;162
9;86;93;44;151;209;0;0;0;0;0;143
9;87;94;44;151;215;0;0;0;0;0;116
9;88;99;45;151;218;0;0;0;0;0;116
9;89;101;46;151;224;0;0;0;0;0;62
9;90;105;47;170;226;0;0;0;0;0;-11
9;91;102;47;170;230;0;0;0;0;0;-65
9;92;105;48;170;234;0;0;0;0;0;-103
9;93;102;48;189;240;0;0;0;0;0;-122
9;94;109;48;133;243;0;0;0;0;0;-93
9;95;110;49;113;247;0;0;0;0;0;-58
9;96;106;49;93;255;0;0;0;0;0;-18
9;97;108;49;87;258;0;0;0;0;0;8
9;98;110;50;79;264;0;0;0;0;0;16
9;99;111;51;64;267;0;0;0;0;0;31
9;100;115;52;52;272;0;0;0;0;0;36
10;1;10;6;382;0;0;0;0;0;0;18
10;2;12;10;382;0;0;0;0;0;0;18
10;3;16;14;385;0;0;0;0;0;0;15
10;4;19;17;411;0;0;0;0;0;0;-11
10;5;22;19;411;0;0;0;0;0;0;-11
10;6;26;21;411;0;0;0;0;0;0;-11
10;7;31;23;411;0;0;0;0;0;0;-11
10;8;33;23;423;1;0;0;0;0;0;-23
10;9;36;23;444;2;0;0;0;0;0;-44
10;10;39;24;414;2;0;0;0;0;0;-14
10;11;41;25;456;2;0;0;0;0;0;-56
10;12;42;25;456;4;0;0;0;0;0;-56
10;13;40;25;456;5;0;0;0;0;0;-56
10;14;40;25;459;9;0;0;0;0;0;-59
10;15;39;25;480;11;0;0;0;0;0;-125
10;16;41;27;501;12;0;0;0;0;0;-167
10;17;42;27;522;14;0;0;0;0;0;-188
10;18;45;30;523;15;0;0;0;0;0;-189
10;19;50;33;511;15;0;0;0;0;0;-177
10;20;50;33;511;15;0;0;0;0;0;-177
10;21;51;34;532;16;0;0;0;0;0;-198
10;22;51;34;556;17;0;0;0;0;0;-226
10;23;46;34;547;20;0;0;0;0;0;-217
10;24;47;34;547;23;0;0;0;0;0;-217
10;25;44;34;568;27;0;0;0;0;0;-238
10;26;45;34;568;32;0;0;0;0;0;-238
10;27;48;34;610;36;0;0;0;0;0;-280
10;28;47;34;611;41;0;0;0;0;0;-265
10;29;48;34;599;44;0;0;0;0;0;-233
10;30;49;34;567;48;0;0;0;0;0;-177
10;31;48;34;588;51;0;0;0;0;0;-213
10;32;51;34;630;53;0;0;0;0;0;-236
10;33;54;34;587;55;0;0;0;0;0;-193
10;34;56;34;629;59;0;0;0;0;0;-235
10;35;55;34;626;61;0;0;0;0;0;-243
10;36;54;34;623;63;0;0;0;0;0;-228
10;37;52;34;587;67;0;0;0;0;0;-192
10;38;50;34;587;70;0;0;0;0;0;-192
10;39;55;34;551;70;0;0;0;0;0;-167
10;40;53;34;499;75;0;0;0;0;0;-99
10;41;51;34;499;80;0;0;0;0;0;-110
10;42;51;34;499;85;0;0;0;0;0;-103
10;43;53;34;475;88;0;0;0;0;0;-91
10;44;55;35;457;89;0;0;0;0;0;-73
10;45;56;35;457;92;0;0;0;0;0;-73
10;46;60;35;470;93;0;0;0;0;0;-86
10;47;63;35;470;94;0;0;0;0;0;-86
10;48;68;38;414;95;0;0;0;0;0;-42
10;49;68;38;390;96;0;0;0;0;0;-18
10;50;73;40;328;98;0;0;0;0;0;19
10;51;73;40;340;103;0;0;0;0;0;23
10;52;73;40;352;105;0;0;0;0;0;47
10;53;72;40;352;109;0;0;0;0;0;47
10;54;73;40;322;113;0;0;0;0;0;63
10;55;71;40;318;116;0;0;0;0;0;79
10;56;74;40;282;121;0;0;0;0;0;115
10;57;73;40;282;124;0;0;0;0;0;115
10;58;76;40;318;125;0;0;0;0;0;78
10;59;82;40;342;127;0;0;0;0;0;54
10;60;88;42;294;129;0;0;0;0;0;82
10;61;92;43;305;130;0;0;0;0;0;71
10;62;103;45;316;131;0;0;0;0;0;69
10;63;107;45;316;135;0;0;0;0;0;49
10;64;109;45;279;137;0;0;0;0;0;117
10;65;112;46;290;140;0;0;0;0;0;106
10;66;114;47;290;145;0;0;0;0;0;106
10;67;122;48;254;146;0;0;0;0;0;142
10;68;123;48;251;151;0;0;0;0;0;138
10;69;123;49;273;157;0;0;0;0;0;121
10;70;126;50;257;163;0;0;0;0;0;133
10;71;130;50;233;166;0;0;0;0;0;153
10;72;130;50;233;172;0;0;0;0;0;146
10;73;139;51;193;173;0;0;0;0;0;186
10;74;140;52;193;180;0;0;0;0;0;186
10;75;142;52;204;187;0;0;0;0;0;188
10;76;145;52;204;194;0;0;0;0;0;188
10;77;152;53;180;201;0;0;0;0;0;212
10;78;159;54;144;205;0;0;0;0;0;248
10;79;161;55;108;206;0;0;0;0;0;278
10;80;166;56;108;212;0;0;0;0;0;272
10;81;168;57;95;220;0;0;0;0;0;285
10;82;174;58;37;226;0;0;0;0;0;353
10;83;177;58;25;235;0;0;0;0;0;365
10;84;184;60;25;237;0;0;0;0;0;365
10;85;187;60;47;243;0;0;0;0;0;336
10;86;192;61;47;248;0;0;0;0;0;345
10;87;192;61;47;259;0;0;0;0;0;345
10;88;191;61;35;268;0;0;0;0;0;345
10;89;202;62;35;274;0;0;0;0;0;345
10;90;209;63;68;280;0;0;0;0;0;327
10;91;217;63;79;284;0;0;0;0;0;316
10;92;212;64;90;296;0;0;0;0;0;305
10;93;223;64;90;301;0;0;0;0;0;305
10;94;223;65;123;312;0;0;0;0;0;264
10;95;234;65;123;316;0;0;0;0;0;257
10;96;237;66;123;325;0;0;0;0;0;249
10;97;244;66;103;330;0;0;0;0;0;285
10;98;246;67;110;340;0;0;0;0;0;278
10;99;252;67;110;349;0;0;0;0;0;278
10;100;257;68;110;355;0;0;0;0;0;271
